Source,CH1,CH2
Second,Volt,Volt
-0.00440000000,0.40000,0.00
-0.00437999969,0.00,0.08000
-0.00435999969,0.20000,0.04000
-0.00434000000,0.00,0.04000
-0.00431999969,0.40000,0.06000
-0.00429999969,0.00,0.08000
-0.00428000000,0.00,0.02000
-0.00425999969,0.00,0.06000
-0.00423999969,0.40000,0.04000
-0.00422000000,0.00,0.08000
-0.00420000000,0.00,-0.02000
-0.00417999969,-0.20000,0.06000
-0.00416000000,0.20000,0.06000
-0.00414000000,0.20000,0.04000
-0.00411999969,0.40000,0.06000
-0.00410000000,0.00,0.08000
-0.00408000000,0.40000,0.02000
-0.00405999969,0.00,0.04000
-0.00404000000,0.40000,0.06000
-0.00402000000,0.00,0.04000
-0.00399999969,0.00,0.06000
-0.00398000000,0.00,0.04000
-0.00396000000,0.20000,0.06000
-0.00393999969,0.20000,0.08000
-0.00392000000,0.20000,0.06000
-0.00390000000,0.00,0.04000
-0.00388000000,0.40000,0.04000
-0.00385999969,0.00,0.02000
-0.00384000000,0.00,0.08000
-0.00382000000,0.00,0.04000
-0.00379999969,0.40000,0.04000
-0.00378000000,0.00,0.06000
-0.00376000000,0.00,0.04000
-0.00373999969,0.00,0.04000
-0.00372000000,0.40000,0.08000
-0.00370000000,0.20000,0.06000
-0.00368000000,0.40000,0.00
-0.00366000000,0.00,0.06000
-0.00364000000,0.00,0.02000
-0.00362000000,0.00,0.06000
-0.00360000000,0.00,0.00
-0.00358000000,0.00,0.04000
-0.00356000000,0.40000,0.06000
-0.00354000000,0.00,0.02000
-0.00352000000,0.20000,0.04000
-0.00350000000,0.00,0.06000
-0.00348000000,0.20000,0.00
-0.00345999969,0.00,0.08000
-0.00344000000,0.00,0.02000
-0.00342000000,0.00,0.08000
-0.00339999969,0.20000,0.06000
-0.00338000000,0.00,0.06000
-0.00336000000,0.00,0.02000
-0.00333999969,0.00,0.06000
-0.00332000000,0.00,0.04000
-0.00330000000,-0.20000,0.08000
-0.00327999969,0.40000,0.04000
-0.00326000000,0.00,0.08000
-0.00324000000,0.20000,0.02000
-0.00321999969,0.00,0.02000
-0.00320000000,0.20000,0.00
-0.00318000000,0.00,0.06000
-0.00316000000,0.20000,0.02000
-0.00314000000,0.00,0.08000
-0.00312000000,0.20000,0.06000
-0.00310000000,0.00,0.04000
-0.00308000000,0.00,0.08000
-0.00306000000,0.20000,0.02000
-0.00304000000,0.20000,0.02000
-0.00302000000,0.00,0.08000
-0.00300000000,0.40000,0.04000
-0.00298000000,0.00,0.06000
-0.00296000000,0.40000,0.04000
-0.00294000000,-0.20000,0.02000
-0.00292000000,0.40000,0.04000
-0.00290000000,0.00,0.08000
-0.00288000000,0.20000,0.02000
-0.00286000000,0.00,0.08000
-0.00284000000,0.20000,0.02000
-0.00281999969,0.00,0.06000
-0.00280000000,0.20000,0.02000
-0.00278000000,0.00,0.08000
-0.00275999969,0.00,0.06000
-0.00274000000,0.20000,0.04000
-0.00272000000,0.00,0.00
-0.00269999969,0.00,0.08000
-0.00268000000,0.20000,0.06000
-0.00266000000,0.00,0.08000
-0.00264000000,0.20000,0.00
-0.00262000000,0.20000,0.02000
-0.00260000000,0.40000,0.04000
-0.00257999984,0.40000,0.00
-0.00256000000,0.20000,0.02000
-0.00254000000,0.00,0.04000
-0.00251999984,0.20000,0.06000
-0.00250000000,0.00,0.02000
-0.00248000000,0.40000,0.02000
-0.00245999984,0.00,0.08000
-0.00244000000,0.40000,0.04000
-0.00242000000,0.00,0.08000
-0.00239999984,0.40000,0.06000
-0.00238000000,0.20000,0.08000
-0.00236000000,0.20000,0.04000
-0.00233999984,0.00,0.06000
-0.00232000000,0.00,0.02000
-0.00230000000,0.00,0.06000
-0.00227999984,0.00,0.06000
-0.00226000000,0.00,0.08000
-0.00224000000,0.40000,0.04000
-0.00221999984,0.00,0.08000
-0.00220000000,0.40000,0.06000
-0.00217999984,0.00,0.02000
-0.00215999984,0.40000,0.06000
-0.00214000000,-0.20000,0.08000
-0.00211999984,0.40000,0.06000
-0.00210000000,0.00,0.08000
-0.00208000000,0.40000,0.10000
-0.00205999984,0.00,0.02000
-0.00204000000,0.40000,0.04000
-0.00202000000,0.20000,0.06000
-0.00199999984,0.20000,0.02000
-0.00198000000,0.00,0.08000
-0.00196000000,0.20000,0.04000
-0.00194000000,0.00,0.08000
-0.00192000000,0.40000,0.02000
-0.00189999988,0.20000,0.08000
-0.00188000000,0.40000,0.02000
-0.00186000000,0.00,0.04000
-0.00183999988,0.40000,0.08000
-0.00182000000,0.00,0.06000
-0.00180000000,0.40000,0.06000
-0.00177999988,0.00,0.08000
-0.00176000000,0.40000,0.02000
-0.00174000000,0.00,0.10000
-0.00172000000,0.20000,0.06000
-0.00169999988,0.00,0.08000
-0.00168000000,0.40000,0.04000
-0.00166000000,0.00,0.06000
-0.00163999988,0.20000,0.02000
-0.00162000000,0.00,0.06000
-0.00160000000,0.40000,0.08000
-0.00157999988,0.00,0.02000
-0.00156000000,0.00,0.02000
-0.00154000000,0.00,0.08000
-0.00151999988,0.20000,0.02000
-0.00150000000,0.20000,0.08000
-0.00148000000,0.20000,0.00
-0.00146000000,-0.20000,0.04000
-0.00144000000,0.40000,0.04000
-0.00142000000,0.00,0.08000
-0.00140000000,0.40000,0.08000
-0.00137999988,0.00,0.02000
-0.00136000000,0.40000,0.02000
-0.00134000000,0.20000,0.08000
-0.00131999988,0.40000,0.02000
-0.00130000000,0.00,0.06000
-0.00128000000,0.00,0.04000
-0.00125999988,0.00,0.10000
-0.00124000000,0.20000,0.04000
-0.00122000000,0.00,0.06000
-0.00120000000,0.40000,0.04000
-0.00118000000,0.00,0.08000
-0.00116000000,0.40000,0.08000
-0.00114000000,0.00,0.08000
-0.00112000000,0.20000,0.06000
-0.00110000000,0.00,0.04000
-0.00108000000,0.40000,0.06000
-0.00105999988,0.20000,0.08000
-0.00104000000,0.20000,0.06000
-0.00101999994,0.00,0.06000
-0.00099999994,0.20000,0.06000
-0.00098000000,0.00,0.04000
-0.00096000000,0.40000,0.02000
-0.00094000000,0.00,0.10000
-0.00091999994,0.20000,0.06000
-0.00090000000,0.00,0.02000
-0.00088000000,0.40000,0.04000
-0.00086000000,0.00,0.08000
-0.00084000000,0.40000,0.02000
-0.00081999994,0.00,0.00
-0.00080000000,0.20000,0.04000
-0.00078000000,0.00,0.10000
-0.00075999994,0.40000,0.06000
-0.00074000000,0.00,0.08000
-0.00072000000,0.00,0.04000
-0.00070000000,0.00,0.08000
-0.00068000000,0.40000,0.06000
-0.00065999994,0.00,0.06000
-0.00064000000,0.20000,0.06000
-0.00062000000,0.00,0.08000
-0.00060000000,0.40000,0.02000
-0.00058000000,0.00,0.08000
-0.00056000000,0.40000,0.06000
-0.00054000000,0.20000,0.04000
-0.00052000000,0.40000,0.08000
-0.00049999997,0.00,0.04000
-0.00048000000,0.20000,0.06000
-0.00045999997,0.20000,0.10000
-0.00044000000,0.20000,0.04000
-0.00042000000,0.20000,0.10000
-0.00040000000,0.40000,0.06000
-0.00037999997,0.20000,0.08000
-0.00036000000,0.40000,0.06000
-0.00034000000,0.00,0.08000
-0.00032000000,0.40000,0.06000
-0.00030000000,0.00,0.12000
-0.00028000000,0.20000,0.08000
-0.00026000000,0.00,0.08000
-0.00024000000,0.00,0.10000
-0.00022000000,0.20000,0.08000
-0.00020000000,0.00,0.08000
-0.00018000000,0.20000,0.16000
-0.00016000000,0.40000,0.28000
-0.00014000000,0.40000,0.46000
-0.00012000000,0.60000,0.52000
-0.00010000000,0.80000,0.60000
-0.00008000000,0.80000,0.54000
-0.00006000000,0.60000,0.56000
-0.00004000000,0.60000,0.48000
-0.00002000000,0.80000,0.52000
 0.00000000000,0.80000,0.66000
 0.00002000000,2.20000,2.14000
 0.00004000000,2.40000,2.10000
 0.00006000000,2.40000,2.12000
 0.00008000000,2.20000,2.16000
 0.00010000000,2.20000,2.12000
 0.00012000000,2.40000,2.12000
 0.00014000000,2.40000,2.12000
 0.00016000000,2.40000,2.08000
 0.00018000000,2.20000,2.12000
 0.00020000000,2.40000,2.14000
 0.00022000000,2.40000,2.12000
 0.00024000000,2.60000,2.10000
 0.00026000000,2.60000,2.12000
 0.00028000000,2.40000,2.12000
 0.00030000000,2.40000,2.14000
 0.00032000000,2.60000,2.14000
 0.00034000000,2.40000,2.12000
 0.00036000000,2.80000,2.10000
 0.00037999997,2.40000,2.14000
 0.00040000000,2.80000,2.10000
 0.00042000000,2.40000,2.14000
 0.00044000000,2.80000,2.08000
 0.00045999997,2.80000,2.10000
 0.00048000000,2.80000,2.10000
 0.00049999997,2.60000,2.10000
 0.00052000000,2.80000,2.10000
 0.00054000000,2.80000,2.12000
 0.00056000000,2.80000,2.12000
 0.00058000000,2.40000,2.08000
 0.00060000000,2.80000,2.10000
 0.00062000000,2.60000,2.12000
 0.00064000000,2.80000,2.10000
 0.00065999994,2.80000,2.12000
 0.00068000000,2.80000,2.12000
 0.00070000000,3.00000,2.12000
 0.00072000000,3.00000,2.08000
 0.00074000000,3.00000,2.10000
 0.00075999994,2.80000,2.10000
 0.00078000000,3.00000,2.12000
 0.00080000000,3.00000,2.10000
 0.00081999994,3.00000,2.12000
 0.00084000000,3.20000,2.08000
 0.00086000000,3.20000,2.12000
 0.00088000000,3.00000,2.10000
 0.00090000000,3.20000,2.12000
 0.00091999994,3.20000,2.12000
 0.00094000000,3.20000,2.12000
 0.00096000000,3.20000,2.10000
 0.00098000000,3.20000,2.12000
 0.00099999994,3.20000,2.12000
 0.00101999994,3.00000,2.12000
 0.00104000000,3.00000,2.12000
 0.00105999988,3.20000,2.12000
 0.00108000000,3.20000,2.10000
 0.00110000000,3.20000,2.10000
 0.00112000000,3.20000,2.12000
 0.00114000000,3.20000,2.10000
 0.00116000000,3.40000,2.10000
 0.00118000000,3.20000,2.08000
 0.00120000000,3.20000,2.08000
 0.00122000000,3.20000,2.12000
 0.00124000000,3.40000,2.12000
 0.00125999988,3.20000,2.12000
 0.00128000000,3.20000,2.08000
 0.00130000000,3.40000,2.08000
 0.00131999988,3.40000,2.08000
 0.00134000000,3.20000,2.10000
 0.00136000000,3.40000,2.14000
 0.00137999988,3.20000,2.12000
 0.00140000000,3.40000,2.08000
 0.00142000000,3.40000,2.10000
 0.00144000000,3.40000,2.06000
 0.00146000000,3.60000,2.10000
 0.00148000000,3.40000,2.08000
 0.00150000000,3.40000,2.10000
 0.00151999988,3.60000,2.16000
 0.00154000000,3.20000,2.08000
 0.00156000000,3.60000,2.08000
 0.00157999988,3.60000,2.10000
 0.00160000000,3.40000,2.12000
 0.00162000000,3.80000,2.08000
 0.00163999988,3.60000,2.14000
 0.00166000000,3.60000,2.10000
 0.00168000000,3.80000,2.10000
 0.00169999988,3.60000,2.12000
 0.00172000000,3.80000,2.06000
 0.00174000000,3.60000,2.16000
 0.00176000000,3.80000,2.08000
 0.00177999988,3.60000,2.14000
 0.00180000000,3.80000,2.10000
 0.00182000000,3.80000,2.10000
 0.00183999988,3.80000,2.12000
 0.00186000000,3.80000,2.10000
 0.00188000000,4.00000,2.08000
 0.00189999988,3.80000,2.10000
 0.00192000000,4.20000,2.12000
 0.00194000000,3.80000,2.08000
 0.00196000000,4.20000,2.12000
 0.00198000000,3.80000,2.14000
 0.00199999984,3.80000,2.08000
 0.00202000000,3.80000,2.10000
 0.00204000000,4.00000,2.12000
 0.00205999984,4.00000,2.10000
 0.00208000000,4.20000,2.08000
 0.00210000000,4.00000,2.10000
 0.00211999984,4.20000,2.10000
 0.00214000000,3.80000,2.08000
 0.00215999984,4.20000,2.12000
 0.00217999984,3.80000,2.10000
 0.00220000000,4.20000,2.12000
 0.00221999984,4.00000,2.10000
 0.00224000000,4.20000,2.12000
 0.00226000000,4.20000,2.12000
 0.00227999984,4.40000,2.14000
 0.00230000000,4.00000,2.10000
 0.00232000000,4.40000,2.12000
 0.00233999984,4.20000,2.10000
 0.00236000000,4.40000,2.16000
 0.00238000000,4.40000,2.18000
 0.00239999984,4.20000,2.12000
 0.00242000000,4.40000,2.12000
 0.00244000000,4.40000,2.14000
 0.00245999984,4.40000,2.12000
 0.00248000000,4.40000,2.12000
 0.00250000000,4.40000,2.16000
 0.00251999984,4.40000,2.12000
 0.00254000000,4.20000,2.12000
 0.00256000000,4.60000,2.12000
 0.00257999984,4.60000,2.12000
 0.00260000000,4.60000,2.10000
 0.00262000000,4.60000,2.14000
 0.00264000000,4.60000,2.08000
 0.00266000000,4.40000,2.12000
 0.00268000000,4.60000,2.10000
 0.00269999969,4.60000,2.10000
 0.00272000000,4.60000,2.12000
 0.00274000000,4.60000,2.10000
 0.00275999969,4.80000,2.10000
 0.00278000000,4.60000,2.12000
 0.00280000000,5.00000,2.08000
 0.00281999969,4.60000,2.12000
 0.00284000000,4.60000,2.12000
 0.00286000000,4.40000,2.10000
 0.00288000000,5.00000,2.12000
 0.00290000000,4.60000,2.10000
 0.00292000000,4.60000,2.12000
 0.00294000000,4.80000,2.12000
 0.00296000000,4.80000,2.10000
 0.00298000000,4.80000,2.12000
 0.00300000000,5.00000,2.16000
 0.00302000000,4.80000,2.10000
 0.00304000000,5.00000,2.08000
 0.00306000000,5.00000,2.12000
 0.00308000000,5.00000,2.12000
 0.00310000000,5.00000,2.10000
 0.00312000000,5.20000,2.10000
 0.00314000000,4.80000,2.10000
 0.00316000000,5.20000,2.10000
 0.00318000000,5.00000,2.10000
 0.00320000000,5.00000,2.12000
 0.00321999969,5.00000,2.16000
 0.00324000000,5.20000,2.08000
 0.00326000000,5.00000,2.12000
 0.00327999969,5.00000,2.08000
 0.00330000000,5.20000,2.12000
 0.00332000000,5.00000,2.10000
 0.00333999969,5.20000,2.10000
 0.00336000000,5.40000,2.12000
 0.00338000000,5.40000,2.14000
 0.00339999969,5.40000,2.08000
 0.00342000000,5.40000,2.10000
 0.00344000000,5.40000,2.10000
 0.00345999969,5.20000,2.16000
 0.00348000000,5.40000,2.12000
 0.00350000000,5.20000,2.12000
 0.00352000000,5.40000,2.16000
 0.00354000000,5.40000,2.14000
 0.00356000000,5.40000,2.10000
 0.00358000000,5.40000,2.12000
 0.00360000000,5.60000,2.16000
 0.00362000000,5.40000,2.12000
 0.00364000000,5.40000,2.12000
 0.00366000000,5.20000,2.14000
 0.00368000000,5.60000,2.12000
 0.00370000000,5.40000,2.12000
 0.00372000000,5.80000,2.12000
 0.00373999969,5.40000,2.12000
 0.00376000000,5.80000,2.10000
 0.00378000000,5.80000,2.12000
 0.00379999969,5.60000,2.10000
 0.00382000000,5.40000,2.16000
 0.00384000000,5.80000,2.10000
 0.00385999969,5.80000,2.16000
 0.00388000000,5.80000,2.12000
 0.00390000000,5.80000,2.18000
 0.00392000000,5.80000,2.16000
 0.00393999969,5.80000,2.12000
 0.00396000000,5.80000,2.12000
 0.00398000000,5.80000,2.10000
 0.00399999969,6.00000,2.14000
 0.00402000000,6.00000,2.12000
 0.00404000000,6.00000,2.10000
 0.00405999969,6.00000,2.10000
 0.00408000000,6.00000,2.12000
 0.00410000000,6.00000,2.16000
 0.00411999969,6.20000,2.14000
 0.00414000000,6.00000,2.12000
 0.00416000000,6.00000,2.16000
 0.00417999969,6.00000,2.10000
 0.00420000000,6.00000,2.12000
 0.00422000000,6.00000,2.12000
 0.00423999969,6.00000,2.14000
 0.00425999969,6.00000,2.12000
 0.00428000000,6.20000,2.10000
 0.00429999969,6.20000,2.12000
 0.00431999969,6.40000,2.12000
 0.00434000000,6.20000,2.12000
 0.00435999969,6.40000,2.12000
 0.00437999969,6.20000,2.12000
 0.00440000000,6.60000,2.12000
 0.00441999969,6.20000,2.12000
 0.00443999969,6.60000,2.12000
 0.00446000000,6.20000,2.14000
 0.00448000000,6.40000,2.12000
 0.00449999969,6.20000,2.16000
 0.00452000000,6.60000,2.10000
 0.00454000000,6.20000,2.16000
 0.00455999969,6.60000,2.14000
 0.00458000000,6.20000,2.16000
 0.00460000000,6.60000,2.10000
 0.00461999969,6.20000,2.18000
 0.00464000000,6.60000,2.12000
 0.00466000000,6.40000,2.16000
 0.00467999969,6.60000,2.12000
 0.00470000000,6.40000,2.12000
 0.00472000000,6.60000,2.14000
 0.00473999969,6.60000,2.12000
 0.00476000000,6.60000,2.10000
 0.00478000000,6.60000,2.18000
 0.00479999969,6.60000,2.16000
 0.00482000000,6.40000,2.12000
 0.00484000000,6.60000,2.14000
 0.00485999969,6.80000,2.16000
 0.00488000000,6.60000,2.10000
 0.00490000000,6.60000,2.12000
 0.00491999969,6.80000,2.10000
 0.00494000000,6.80000,2.14000
 0.00496000000,7.00000,2.16000
 0.00497999969,6.60000,2.10000
 0.00500000000,6.80000,2.16000
 0.00502000000,6.80000,2.12000
 0.00503999969,7.00000,2.10000
 0.00506000000,6.80000,2.14000
 0.00508000000,6.80000,2.12000
 0.00509999969,7.00000,2.10000
 0.00512000000,7.00000,2.10000
 0.00514000000,6.80000,2.10000
 0.00515999969,7.20000,2.12000
 0.00518000000,7.00000,2.16000
 0.00520000000,7.00000,2.14000
 0.00521999969,7.00000,2.14000
 0.00524000000,7.20000,2.16000
 0.00526000000,7.00000,2.12000
 0.00528000000,7.00000,2.14000
 0.00530000000,7.00000,2.16000
 0.00532000000,7.40000,2.16000
 0.00533999938,7.00000,2.16000
 0.00536000000,7.40000,2.16000
 0.00538000000,7.00000,2.16000
 0.00539999938,7.40000,2.08000
 0.00542000000,7.20000,2.18000
 0.00544000000,7.40000,2.14000
 0.00545999938,7.00000,2.14000
 0.00548000000,7.40000,2.14000
 0.00550000000,7.20000,2.14000
 0.00551999938,7.40000,2.12000
 0.00554000000,7.40000,2.14000
 0.00556000000,7.60000,2.10000
 0.00557999938,7.40000,2.16000
 0.00560000000,7.40000,2.12000
 0.00562000000,7.40000,2.14000
 0.00563999938,7.40000,2.12000
 0.00566000000,7.00000,2.16000
 0.00568000000,7.40000,2.12000
 0.00569999938,7.60000,2.16000
 0.00572000000,7.40000,2.12000
 0.00574000000,7.60000,2.18000
 0.00576000000,7.40000,2.10000
 0.00578000000,7.60000,2.16000
 0.00580000000,7.60000,2.12000
 0.00582000000,7.80000,2.12000
 0.00584000000,7.60000,2.12000
 0.00586000000,7.60000,2.12000
 0.00588000000,7.60000,2.14000
 0.00590000000,7.60000,2.12000
 0.00592000000,7.80000,2.10000
 0.00594000000,7.80000,2.14000
 0.00596000000,7.60000,2.08000
 0.00598000000,7.80000,2.12000
 0.00600000000,7.80000,2.14000
 0.00602000000,7.60000,2.16000
 0.00604000000,7.80000,2.10000
 0.00606000000,7.80000,2.14000
 0.00608000000,7.80000,2.12000
 0.00610000000,7.80000,2.12000
 0.00612000000,7.80000,2.12000
 0.00614000000,8.00000,2.12000
 0.00616000000,8.20000,2.14000
 0.00618000000,7.80000,2.12000
 0.00620000000,8.20000,2.12000
 0.00622000000,8.20000,2.16000
 0.00624000000,8.00000,2.16000
 0.00626000000,8.00000,2.14000
 0.00628000000,8.00000,2.10000
 0.00630000000,8.00000,2.10000
 0.00632000000,8.20000,2.10000
 0.00634000000,8.20000,2.12000
 0.00636000000,8.20000,2.14000
 0.00637999938,7.80000,2.12000
 0.00640000000,8.20000,2.14000
 0.00642000000,8.40000,2.14000
 0.00643999938,8.20000,2.16000
 0.00646000000,8.40000,2.12000
 0.00648000000,8.20000,2.12000
 0.00649999938,8.40000,2.12000
 0.00652000000,8.20000,2.12000
 0.00654000000,8.20000,2.12000
 0.00655999938,8.20000,2.12000
 0.00658000000,8.40000,2.12000
 0.00660000000,8.40000,2.16000
 0.00661999938,8.40000,2.14000
 0.00664000000,8.60000,2.14000
 0.00666000000,8.40000,2.10000
 0.00667999938,8.40000,2.08000
 0.00670000000,8.40000,2.06000
 0.00672000000,8.40000,2.12000
 0.00673999938,8.40000,2.12000
 0.00676000000,8.60000,2.10000
 0.00678000000,8.40000,2.14000
 0.00679999938,8.60000,2.12000
 0.00682000000,8.60000,2.12000
 0.00684000000,8.40000,2.10000
 0.00685999938,8.60000,2.10000
 0.00688000000,8.60000,2.16000
 0.00690000000,8.60000,2.14000
 0.00691999938,8.80000,2.12000
 0.00694000000,8.60000,2.16000
 0.00696000000,8.80000,2.16000
 0.00697999938,8.60000,2.12000
 0.00700000000,8.80000,2.10000
 0.00702000000,8.60000,2.12000
 0.00704000000,8.60000,2.10000
 0.00706000000,8.60000,2.14000
 0.00708000000,9.00000,2.10000
 0.00710000000,8.60000,2.12000
 0.00712000000,9.00000,2.10000
 0.00714000000,8.60000,2.10000
 0.00716000000,9.00000,2.10000
 0.00718000000,8.80000,2.14000
 0.00720000000,9.00000,2.12000
 0.00722000000,8.60000,2.14000
 0.00724000000,9.00000,2.14000
 0.00726000000,9.20000,2.16000
 0.00728000000,9.00000,2.14000
 0.00730000000,8.80000,2.18000
 0.00732000000,9.20000,2.12000
 0.00734000000,9.00000,2.10000
 0.00736000000,9.00000,2.12000
 0.00738000000,9.00000,2.10000
 0.00740000000,9.20000,2.08000
 0.00742000000,9.20000,2.12000
 0.00744000000,9.00000,2.14000
 0.00746000000,9.00000,2.12000
 0.00747999938,9.20000,2.10000
 0.00750000000,9.20000,2.10000
 0.00752000000,9.20000,2.12000
 0.00753999938,9.20000,2.10000
 0.00756000000,9.20000,2.10000
 0.00758000000,9.40000,2.10000
 0.00759999938,9.40000,2.10000
 0.00762000000,9.20000,2.12000
 0.00764000000,9.20000,2.10000
 0.00765999938,9.40000,2.12000
 0.00768000000,9.40000,2.10000
 0.00770000000,9.40000,2.10000
 0.00771999938,9.40000,2.14000
 0.00774000000,9.20000,2.12000
 0.00776000000,9.60000,2.10000
 0.00777999938,9.40000,2.12000
 0.00780000000,9.60000,2.12000
 0.00782000000,9.20000,2.14000
 0.00784000000,9.60000,2.10000
 0.00786000000,9.60000,2.12000
 0.00787999938,9.60000,2.16000
 0.00789999938,9.40000,2.10000
 0.00792000000,9.80000,2.08000
 0.00794000000,9.40000,2.14000
 0.00796000000,9.80000,2.06000
 0.00798000000,9.40000,2.14000
 0.00799999938,9.80000,2.12000
 0.00801999938,9.60000,2.14000
 0.00804000000,9.80000,2.06000
 0.00806000000,9.60000,2.12000
 0.00808000000,9.80000,2.10000
 0.00810000000,9.60000,2.12000
 0.00811999938,9.80000,2.08000
 0.00813999938,9.80000,2.08000
 0.00816000000,9.80000,2.12000
 0.00818000000,10.00000,2.12000
 0.00820000000,9.80000,2.14000
 0.00822000000,10.00000,2.10000
 0.00823999938,9.80000,2.10000
 0.00825999938,10.00000,2.10000
 0.00828000000,9.80000,2.14000
 0.00830000000,10.00000,2.10000
 0.00832000000,10.20000,2.12000
 0.00834000000,9.80000,2.08000
 0.00835999938,10.00000,2.10000
 0.00837999938,10.00000,2.10000
 0.00840000000,10.00000,2.12000
 0.00842000000,10.00000,2.12000
 0.00844000000,10.20000,2.12000
 0.00846000000,10.00000,2.08000
 0.00847999938,10.20000,2.08000
 0.00849999938,10.20000,2.16000
 0.00851999938,10.20000,2.10000
 0.00854000000,10.00000,2.14000
 0.00856000000,10.20000,2.08000
 0.00858000000,10.20000,2.12000
 0.00859999938,10.40000,2.10000
 0.00861999938,10.00000,2.12000
 0.00863999938,10.20000,2.12000
 0.00866000000,10.20000,2.08000
 0.00868000000,10.40000,2.12000
 0.00870000000,10.20000,2.08000
 0.00871999938,10.40000,2.08000
 0.00873999938,10.20000,2.10000
 0.00875999938,10.40000,2.12000
 0.00878000000,10.20000,2.12000
 0.00880000000,10.60000,2.10000
 0.00882000000,10.40000,2.12000
 0.00883999938,10.40000,2.08000
 0.00885999938,10.40000,2.12000
 0.00887999938,10.60000,2.08000
 0.00890000000,10.20000,2.12000
 0.00892000000,10.60000,2.08000
 0.00894000000,10.40000,2.10000
 0.00896000000,10.60000,2.10000
 0.00897999938,10.60000,2.08000
 0.00899999938,10.60000,2.10000
 0.00902000000,10.60000,2.12000
 0.00904000000,10.60000,2.10000
 0.00906000000,10.40000,2.10000
 0.00908000000,10.80000,2.08000
 0.00909999938,10.80000,2.12000
 0.00911999938,10.80000,2.08000
 0.00914000000,10.80000,2.10000
 0.00916000000,10.80000,2.10000
 0.00918000000,10.60000,2.12000
 0.00920000000,10.80000,2.08000
 0.00921999938,10.80000,2.08000
 0.00923999938,10.80000,2.12000
 0.00926000000,10.80000,2.10000
 0.00928000000,10.80000,2.14000
 0.00930000000,10.80000,2.10000
 0.00932000000,10.80000,2.08000
 0.00933999938,11.00000,2.10000
 0.00935999938,11.00000,2.12000
 0.00938000000,11.00000,2.10000
 0.00940000000,11.00000,2.14000
 0.00942000000,11.00000,2.10000
 0.00944000000,11.00000,2.10000
 0.00945999938,11.00000,2.12000
 0.00947999938,11.00000,2.12000
 0.00950000000,11.00000,2.10000
 0.00952000000,11.00000,2.12000
 0.00954000000,11.00000,2.10000
 0.00956000000,11.00000,2.08000
 0.00957999938,11.00000,2.10000
 0.00959999938,11.20000,2.12000
 0.00961999938,11.00000,2.12000
 0.00964000000,11.20000,2.08000
 0.00966000000,11.00000,2.10000
 0.00968000000,11.40000,2.12000
 0.00969999938,11.00000,2.14000
 0.00971999938,11.20000,2.12000
 0.00973999938,11.00000,2.12000
 0.00976000000,11.40000,2.10000
 0.00978000000,11.20000,2.12000
 0.00980000000,11.40000,2.08000
 0.00981999938,11.40000,2.10000
 0.00983999938,11.40000,2.08000
 0.00985999938,11.40000,2.12000
 0.00988000000,11.40000,2.10000
 0.00990000000,11.40000,2.08000
 0.00992000000,11.40000,2.08000
 0.00993999938,11.40000,2.08000
 0.00995999938,11.60000,2.08000
 0.00997999938,11.60000,2.10000
 0.01000000000,11.40000,2.10000
 0.01002000000,11.40000,2.12000
 0.01004000000,11.40000,2.12000
 0.01005999938,11.60000,2.12000
 0.01007999938,11.40000,2.12000
 0.01009999938,11.20000,2.10000
 0.01012000000,11.60000,2.12000
 0.01014000000,11.60000,2.12000
 0.01016000000,11.60000,2.10000
 0.01017999938,11.80000,2.12000
 0.01019999938,11.60000,2.08000
 0.01021999938,11.60000,2.10000
 0.01024000000,11.80000,2.08000
 0.01026000000,11.80000,2.10000
 0.01028000000,11.60000,2.10000
 0.01030000000,11.80000,2.08000
 0.01031999938,12.00000,2.08000
 0.01033999938,11.80000,2.10000
 0.01036000000,11.60000,2.08000
 0.01038000000,11.80000,2.10000
 0.01040000000,12.00000,2.12000
 0.01042000000,11.80000,2.14000
 0.01043999938,12.00000,2.10000
 0.01045999938,11.80000,2.10000
 0.01048000000,12.20000,2.10000
 0.01050000000,11.80000,2.10000
 0.01052000000,12.20000,2.08000
 0.01054000000,11.80000,2.10000
 0.01056000000,12.20000,2.12000
 0.01058000000,12.00000,2.10000
 0.01060000000,11.80000,2.08000
 0.01062000000,11.80000,2.10000
 0.01064000000,12.20000,2.10000
 0.01066000000,12.20000,2.10000
 0.01067999875,12.00000,2.08000
 0.01070000000,12.00000,2.12000
 0.01072000000,12.20000,2.08000
 0.01074000000,11.80000,2.10000
 0.01076000000,12.20000,2.06000
 0.01078000000,12.00000,2.10000
 0.01079999875,12.20000,2.08000
 0.01082000000,12.40000,2.10000
 0.01084000000,12.20000,2.08000
 0.01086000000,12.60000,2.10000
 0.01088000000,12.40000,2.08000
 0.01090000000,12.40000,2.10000
 0.01091999875,12.40000,2.14000
 0.01094000000,12.40000,2.14000
 0.01096000000,12.40000,2.10000
 0.01098000000,12.40000,2.10000
 0.01100000000,12.40000,2.12000
 0.01102000000,12.60000,2.08000
 0.01103999875,12.40000,2.10000
 0.01106000000,12.40000,2.10000
 0.01108000000,12.40000,2.10000
 0.01110000000,12.40000,2.08000
 0.01112000000,12.40000,2.08000
 0.01114000000,12.60000,2.12000
 0.01115999875,12.60000,2.10000
 0.01118000000,12.60000,2.10000
 0.01120000000,12.60000,2.10000
 0.01122000000,12.40000,2.10000
 0.01124000000,12.80000,2.08000
 0.01126000000,12.60000,2.12000
 0.01127999875,12.80000,2.08000
 0.01130000000,12.60000,2.10000
 0.01132000000,12.80000,2.08000
 0.01134000000,12.60000,2.10000
 0.01136000000,12.80000,2.10000
 0.01138000000,12.80000,2.10000
 0.01139999875,13.00000,2.12000
 0.01142000000,12.80000,2.10000
 0.01144000000,12.80000,2.10000
 0.01146000000,12.60000,2.10000
 0.01148000000,13.00000,2.08000
 0.01150000000,12.80000,2.10000
 0.01152000000,13.00000,2.10000
 0.01154000000,12.80000,2.10000
 0.01156000000,13.00000,2.06000
 0.01158000000,13.00000,2.10000
 0.01160000000,13.00000,2.12000
 0.01162000000,12.80000,2.10000
 0.01164000000,13.00000,2.12000
 0.01166000000,13.20000,2.10000
 0.01168000000,13.20000,2.10000
 0.01170000000,13.20000,2.08000
 0.01172000000,13.00000,2.06000
 0.01174000000,13.20000,2.08000
 0.01176000000,13.00000,2.12000
 0.01177999875,13.20000,2.08000
 0.01180000000,13.00000,2.10000
 0.01182000000,13.20000,2.12000
 0.01184000000,13.20000,2.10000
 0.01186000000,13.20000,2.16000
 0.01188000000,13.20000,2.10000
 0.01189999875,13.20000,2.08000
 0.01192000000,13.20000,2.04000
 0.01194000000,13.20000,2.08000
 0.01196000000,13.20000,2.08000
 0.01198000000,13.20000,2.12000
 0.01200000000,13.20000,2.10000
 0.01201999875,13.20000,2.10000
 0.01204000000,13.20000,2.10000
 0.01206000000,13.20000,2.08000
 0.01208000000,13.60000,2.14000
 0.01210000000,13.20000,2.10000
 0.01212000000,13.20000,2.14000
 0.01213999875,13.20000,2.10000
 0.01216000000,13.40000,2.08000
 0.01218000000,13.40000,2.10000
 0.01220000000,13.40000,2.10000
 0.01222000000,13.20000,2.10000
 0.01224000000,13.40000,2.08000
 0.01225999875,13.40000,2.08000
 0.01228000000,13.20000,2.16000
 0.01230000000,13.20000,2.10000
 0.01232000000,13.40000,2.06000
 0.01234000000,13.40000,2.12000
 0.01236000000,13.60000,2.10000
 0.01237999875,13.40000,2.10000
 0.01240000000,13.60000,2.08000
 0.01242000000,13.40000,2.12000
 0.01244000000,13.60000,2.08000
 0.01246000000,13.60000,2.12000
 0.01248000000,13.60000,2.08000
 0.01249999875,13.60000,2.10000
 0.01252000000,13.60000,2.08000
 0.01254000000,13.60000,2.14000
 0.01256000000,13.60000,2.08000
 0.01258000000,13.80000,2.08000
 0.01260000000,13.60000,2.08000
 0.01261999875,14.00000,2.08000
 0.01264000000,13.80000,2.10000
 0.01266000000,13.80000,2.12000
 0.01268000000,13.80000,2.08000
 0.01270000000,13.60000,2.12000
 0.01272000000,13.80000,2.08000
 0.01273999875,13.80000,2.10000
 0.01275999875,13.80000,2.08000
 0.01278000000,14.00000,2.08000
 0.01280000000,13.80000,2.08000
 0.01282000000,14.00000,2.10000
 0.01284000000,14.00000,2.10000
 0.01286000000,14.00000,2.10000
 0.01287999875,13.80000,2.10000
 0.01290000000,14.00000,2.12000
 0.01292000000,14.00000,2.12000
 0.01294000000,14.00000,2.12000
 0.01296000000,14.00000,2.08000
 0.01298000000,14.00000,2.12000
 0.01299999875,14.00000,2.08000
 0.01302000000,14.00000,2.12000
 0.01304000000,14.20000,2.10000
 0.01306000000,14.00000,2.10000
 0.01308000000,14.20000,2.08000
 0.01310000000,14.00000,2.10000
 0.01311999875,14.20000,2.12000
 0.01314000000,14.00000,2.10000
 0.01316000000,14.20000,2.06000
 0.01318000000,14.00000,2.10000
 0.01320000000,14.20000,2.10000
 0.01322000000,14.00000,2.10000
 0.01323999875,14.40000,2.08000
 0.01326000000,14.40000,2.10000
 0.01328000000,14.40000,2.08000
 0.01330000000,14.20000,2.12000
 0.01332000000,14.40000,2.08000
 0.01334000000,14.20000,2.10000
 0.01335999875,14.40000,2.12000
 0.01338000000,14.60000,2.10000
 0.01340000000,14.40000,2.10000
 0.01342000000,14.60000,2.08000
 0.01344000000,14.40000,2.08000
 0.01346000000,14.60000,2.12000
 0.01347999875,14.40000,2.12000
 0.01350000000,14.60000,2.10000
 0.01352000000,14.40000,2.08000
 0.01354000000,14.60000,2.08000
 0.01356000000,14.40000,2.10000
 0.01358000000,14.60000,2.08000
 0.01359999875,14.60000,2.10000
 0.01362000000,14.60000,2.10000
 0.01364000000,14.60000,2.12000
 0.01366000000,14.60000,2.10000
 0.01368000000,14.60000,2.06000
 0.01370000000,14.80000,2.10000
 0.01371999875,14.80000,2.08000
 0.01374000000,14.80000,2.08000
 0.01376000000,14.80000,2.08000
 0.01378000000,14.80000,2.10000
 0.01380000000,14.80000,2.08000
 0.01382000000,14.60000,2.10000
 0.01383999875,14.80000,2.08000
 0.01385999875,14.80000,2.08000
 0.01388000000,14.80000,2.08000
 0.01390000000,15.00000,2.12000
 0.01392000000,14.80000,2.08000
 0.01394000000,15.00000,2.12000
 0.01395999875,14.80000,2.08000
 0.01397999875,14.80000,2.12000
 0.01400000000,15.00000,2.08000
 0.01402000000,14.80000,2.08000
 0.01404000000,15.20000,2.06000
 0.01406000000,15.00000,2.10000
 0.01408000000,14.80000,2.08000
 0.01409999875,14.80000,2.12000
 0.01412000000,15.00000,2.06000
 0.01414000000,15.00000,2.06000
 0.01416000000,15.20000,2.08000
 0.01418000000,15.20000,2.06000
 0.01420000000,15.00000,2.10000
 0.01421999875,15.40000,2.08000
 0.01424000000,15.40000,2.10000
 0.01426000000,15.20000,2.10000
 0.01428000000,15.20000,2.10000
 0.01430000000,15.40000,2.10000
 0.01432000000,15.20000,2.08000
 0.01433999875,15.40000,2.10000
 0.01436000000,15.20000,2.06000
 0.01438000000,15.40000,2.08000
 0.01440000000,15.20000,2.08000
 0.01442000000,15.40000,2.08000
 0.01444000000,15.40000,2.04000
 0.01445999875,15.60000,2.06000
 0.01448000000,15.20000,2.06000
 0.01450000000,15.60000,2.04000
 0.01452000000,15.60000,2.06000
 0.01454000000,15.60000,2.10000
 0.01456000000,15.40000,2.06000
 0.01457999875,15.60000,2.08000
 0.01460000000,15.40000,2.04000
 0.01462000000,15.40000,2.06000
 0.01464000000,15.60000,2.04000
 0.01466000000,15.60000,2.08000
 0.01468000000,15.40000,2.06000
 0.01469999875,15.60000,2.04000
 0.01472000000,15.60000,2.08000
 0.01474000000,15.60000,2.06000
 0.01476000000,15.60000,2.06000
 0.01478000000,15.60000,2.06000
 0.01480000000,15.60000,2.04000
 0.01481999875,15.60000,2.06000
 0.01484000000,15.80000,2.02000
 0.01486000000,15.80000,2.04000
 0.01488000000,15.80000,2.06000
 0.01490000000,15.80000,2.04000
 0.01492000000,15.60000,2.02000
 0.01493999875,15.60000,2.04000
 0.01495999875,15.80000,2.08000
 0.01498000000,15.80000,2.04000
 0.01500000000,15.80000,2.06000
 0.01502000000,15.80000,2.06000
 0.01504000000,16.00000,2.00000
 0.01505999875,15.80000,2.06000
 0.01507999875,15.80000,2.08000
 0.01510000000,16.00000,2.02000
 0.01512000000,16.00000,2.02000
 0.01514000000,15.80000,2.04000
 0.01516000000,16.00000,2.00000
 0.01517999875,16.00000,2.06000
 0.01519999875,16.00000,2.02000
 0.01522000000,16.20000,2.04000
 0.01524000000,16.00000,2.02000
 0.01526000000,16.20000,2.06000
 0.01528000000,16.00000,1.96000
 0.01529999875,16.20000,2.04000
 0.01531999875,16.20000,2.02000
 0.01534000000,16.20000,2.00000
 0.01536000000,16.00000,2.00000
 0.01538000000,16.40000,2.00000
 0.01540000000,16.20000,2.00000
 0.01542000000,16.40000,2.04000
 0.01543999875,16.20000,2.00000
 0.01546000000,16.20000,2.00000
 0.01548000000,16.40000,2.00000
 0.01550000000,16.40000,2.00000
 0.01552000000,16.40000,1.98000
 0.01554000000,16.20000,2.00000
 0.01555999875,16.20000,2.00000
 0.01558000000,16.20000,2.02000
 0.01560000000,16.40000,1.96000
 0.01562000000,16.40000,2.02000
 0.01564000000,16.40000,2.00000
 0.01565999844,16.40000,2.00000
 0.01568000000,16.40000,2.00000
 0.01570000000,16.40000,1.96000
 0.01572000000,16.40000,1.98000
 0.01574000000,16.40000,2.02000
 0.01575999844,16.40000,2.00000
 0.01578000000,16.40000,2.00000
 0.01580000000,16.40000,1.98000
 0.01582000000,16.60000,1.96000
 0.01584000000,16.40000,1.98000
 0.01585999844,16.60000,1.96000
 0.01588000000,16.60000,2.00000
 0.01589999844,16.40000,1.98000
 0.01592000000,16.40000,1.96000
 0.01594000000,16.40000,1.94000
 0.01596000000,16.80000,1.94000
 0.01598000000,16.40000,1.96000
 0.01599999844,16.40000,1.98000
 0.01602000000,16.60000,1.96000
 0.01603999844,16.80000,1.96000
 0.01606000000,16.60000,1.94000
 0.01608000000,16.80000,1.98000
 0.01609999844,16.80000,1.94000
 0.01612000000,16.80000,1.94000
 0.01613999844,16.40000,1.96000
 0.01616000000,16.60000,1.94000
 0.01618000000,16.60000,1.96000
 0.01620000000,16.80000,1.96000
 0.01622000000,16.80000,1.94000
 0.01623999844,16.60000,1.94000
 0.01626000000,16.60000,1.96000
 0.01627999844,16.60000,1.92000
 0.01630000000,17.00000,1.90000
 0.01632000000,16.80000,1.92000
 0.01633999844,16.80000,1.92000
 0.01636000000,16.80000,1.94000
 0.01637999844,17.00000,1.92000
 0.01640000000,16.80000,1.92000
 0.01642000000,16.80000,1.92000
 0.01644000000,17.00000,1.88000
 0.01646000000,17.00000,1.92000
 0.01647999844,17.00000,1.92000
 0.01650000000,17.00000,1.94000
 0.01651999844,17.00000,1.94000
 0.01654000000,17.00000,1.88000
 0.01656000000,17.20000,1.88000
 0.01657999844,17.20000,1.90000
 0.01660000000,17.20000,1.84000
 0.01661999844,17.20000,1.88000
 0.01664000000,17.20000,1.86000
 0.01666000000,17.00000,1.90000
 0.01668000000,17.00000,1.90000
 0.01670000000,17.20000,1.88000
 0.01671999844,17.20000,1.90000
 0.01674000000,17.20000,1.88000
 0.01675999844,17.20000,1.86000
 0.01678000000,17.20000,1.86000
 0.01680000000,17.20000,1.86000
 0.01682000000,17.20000,1.88000
 0.01684000000,17.20000,1.86000
 0.01685999844,17.20000,1.88000
 0.01688000000,17.40000,1.88000
 0.01690000000,17.20000,1.86000
 0.01692000000,17.20000,1.84000
 0.01694000000,17.20000,1.88000
 0.01695999844,17.40000,1.82000
 0.01698000000,17.20000,1.88000
 0.01699999844,17.20000,1.84000
 0.01702000000,17.20000,1.86000
 0.01704000000,17.40000,1.84000
 0.01706000000,17.20000,1.84000
 0.01708000000,17.20000,1.84000
 0.01709999844,17.20000,1.82000
 0.01712000000,17.60000,1.84000
 0.01713999844,17.60000,1.82000
 0.01716000000,17.60000,1.84000
 0.01718000000,17.20000,1.82000
 0.01719999844,17.60000,1.80000
 0.01722000000,17.60000,1.84000
 0.01723999844,17.60000,1.80000
 0.01726000000,17.80000,1.82000
 0.01728000000,17.40000,1.82000
 0.01730000000,17.60000,1.82000
 0.01732000000,17.60000,1.80000
 0.01733999844,17.60000,1.84000
 0.01736000000,17.60000,1.80000
 0.01737999844,17.80000,1.80000
 0.01740000000,17.60000,1.76000
 0.01742000000,17.60000,1.82000
 0.01743999844,17.60000,1.74000
 0.01746000000,17.60000,1.80000
 0.01747999844,17.60000,1.76000
 0.01750000000,17.60000,1.76000
 0.01752000000,17.60000,1.74000
 0.01754000000,17.60000,1.80000
 0.01756000000,17.60000,1.72000
 0.01757999844,17.80000,1.74000
 0.01760000000,17.60000,1.74000
 0.01761999844,17.80000,1.76000
 0.01764000000,17.80000,1.74000
 0.01766000000,17.60000,1.76000
 0.01767999844,17.60000,1.72000
 0.01770000000,17.80000,1.72000
 0.01771999844,17.80000,1.74000
 0.01774000000,17.80000,1.76000
 0.01776000000,18.00000,1.72000
 0.01778000000,17.80000,1.74000
 0.01780000000,18.00000,1.72000
 0.01781999844,17.80000,1.72000
 0.01784000000,18.00000,1.68000
 0.01785999844,18.00000,1.72000
 0.01788000000,18.00000,1.70000
 0.01790000000,18.00000,1.70000
 0.01792000000,17.80000,1.70000
 0.01794000000,17.80000,1.68000
 0.01795999844,18.00000,1.68000
 0.01798000000,18.00000,1.68000
 0.01800000000,18.00000,1.66000
 0.01802000000,18.00000,1.68000
 0.01804000000,18.20000,1.66000
 0.01805999844,18.00000,1.72000
 0.01808000000,18.20000,1.66000
 0.01809999844,18.00000,1.70000
 0.01812000000,17.80000,1.66000
 0.01814000000,18.00000,1.66000
 0.01816000000,18.00000,1.68000
 0.01818000000,18.00000,1.68000
 0.01819999844,18.00000,1.66000
 0.01822000000,18.00000,1.68000
 0.01823999844,18.20000,1.66000
 0.01826000000,18.00000,1.66000
 0.01828000000,18.40000,1.64000
 0.01829999844,18.20000,1.64000
 0.01832000000,18.40000,1.62000
 0.01833999844,18.00000,1.64000
 0.01836000000,18.00000,1.62000
 0.01838000000,18.20000,1.66000
 0.01840000000,18.20000,1.62000
 0.01842000000,18.20000,1.64000
 0.01843999844,18.40000,1.66000
 0.01846000000,18.00000,1.62000
 0.01847999844,18.40000,1.62000
 0.01850000000,18.00000,1.60000
 0.01852000000,18.20000,1.60000
 0.01853999844,18.40000,1.62000
 0.01856000000,18.00000,1.60000
 0.01857999844,18.40000,1.60000
 0.01860000000,18.40000,1.56000
 0.01862000000,18.20000,1.60000
 0.01864000000,18.60000,1.60000
 0.01866000000,18.00000,1.60000
 0.01867999844,18.40000,1.58000
 0.01870000000,18.00000,1.60000
 0.01871999844,18.40000,1.58000
 0.01874000000,18.60000,1.60000
 0.01876000000,18.40000,1.58000
 0.01877999844,18.40000,1.58000
 0.01880000000,18.40000,1.54000
 0.01881999844,18.60000,1.58000
 0.01884000000,18.40000,1.56000
 0.01886000000,18.60000,1.56000
 0.01888000000,18.40000,1.54000
 0.01890000000,18.40000,1.58000
 0.01891999844,18.40000,1.56000
 0.01894000000,18.60000,1.52000
 0.01895999844,18.40000,1.54000
 0.01898000000,18.40000,1.56000
 0.01900000000,18.60000,1.52000
 0.01901999844,18.60000,1.54000
 0.01904000000,18.40000,1.50000
 0.01905999844,18.60000,1.54000
 0.01908000000,18.60000,1.50000
 0.01910000000,18.80000,1.52000
 0.01912000000,18.80000,1.50000
 0.01914000000,18.60000,1.52000
 0.01915999844,18.80000,1.48000
 0.01918000000,18.80000,1.48000
 0.01919999844,18.80000,1.48000
 0.01922000000,18.60000,1.50000
 0.01924000000,18.60000,1.50000
 0.01926000000,18.60000,1.46000
 0.01928000000,18.40000,1.48000
 0.01929999844,18.60000,1.48000
 0.01932000000,18.60000,1.48000
 0.01933999844,18.80000,1.50000
 0.01936000000,18.60000,1.46000
 0.01938000000,18.80000,1.48000
 0.01939999844,18.80000,1.46000
 0.01942000000,18.80000,1.48000
 0.01943999844,18.60000,1.46000
 0.01946000000,18.80000,1.46000
 0.01948000000,18.80000,1.44000
 0.01950000000,18.80000,1.46000
 0.01952000000,18.60000,1.44000
 0.01953999844,18.80000,1.46000
 0.01956000000,18.80000,1.46000
 0.01957999844,18.80000,1.46000
 0.01960000000,18.80000,1.42000
 0.01962000000,18.80000,1.44000
 0.01963999844,18.80000,1.42000
 0.01966000000,18.80000,1.42000
 0.01967999844,19.20000,1.40000
 0.01970000000,18.80000,1.44000
 0.01972000000,19.00000,1.42000
 0.01974000000,18.80000,1.44000
 0.01976000000,18.80000,1.40000
 0.01977999844,18.80000,1.40000
 0.01980000000,19.00000,1.38000
 0.01981999844,18.80000,1.42000
 0.01984000000,19.00000,1.40000
 0.01986000000,19.00000,1.40000
 0.01987999844,19.00000,1.40000
 0.01990000000,18.80000,1.38000
 0.01991999844,18.80000,1.40000
 0.01994000000,18.80000,1.40000
 0.01996000000,19.00000,1.38000
 0.01998000000,19.00000,1.38000
 0.02000000000,19.20000,1.36000
 0.02001999844,18.80000,1.38000
 0.02004000000,19.20000,1.34000
 0.02005999844,18.80000,1.36000
 0.02008000000,19.00000,1.36000
 0.02010000000,19.20000,1.36000
 0.02011999844,19.20000,1.34000
 0.02014000000,19.00000,1.36000
 0.02015999844,19.20000,1.34000
 0.02018000000,19.00000,1.34000
 0.02019999844,19.00000,1.32000
 0.02022000000,19.00000,1.34000
 0.02024000000,19.20000,1.34000
 0.02025999844,18.80000,1.36000
 0.02028000000,19.20000,1.32000
 0.02029999844,19.00000,1.32000
 0.02032000000,19.20000,1.32000
 0.02034000000,19.40000,1.30000
 0.02035999844,19.00000,1.30000
 0.02038000000,19.40000,1.30000
 0.02039999844,19.20000,1.32000
 0.02042000000,19.20000,1.32000
 0.02043999844,19.20000,1.30000
 0.02046000000,19.20000,1.30000
 0.02048000000,19.20000,1.30000
 0.02049999844,19.00000,1.30000
 0.02052000000,19.20000,1.30000
 0.02053999844,19.00000,1.30000
 0.02056000000,19.20000,1.30000
 0.02058000000,19.00000,1.30000
 0.02060000000,19.20000,1.30000
 0.02062000000,19.20000,1.28000
 0.02063999844,19.40000,1.28000
 0.02066000000,19.20000,1.30000
 0.02067999844,19.20000,1.30000
 0.02070000000,19.40000,1.28000
 0.02072000000,19.20000,1.26000
 0.02073999844,19.40000,1.30000
 0.02076000000,19.20000,1.26000
 0.02077999844,19.20000,1.28000
 0.02080000000,19.20000,1.24000
 0.02082000000,19.40000,1.26000
 0.02084000000,19.20000,1.26000
 0.02086000000,19.40000,1.30000
 0.02087999844,19.40000,1.24000
 0.02090000000,19.40000,1.24000
 0.02091999844,19.20000,1.24000
 0.02094000000,19.20000,1.24000
 0.02096000000,19.40000,1.20000
 0.02097999844,19.40000,1.22000
 0.02100000000,19.40000,1.22000
 0.02101999844,19.60000,1.22000
 0.02104000000,19.20000,1.22000
 0.02106000000,19.60000,1.24000
 0.02108000000,19.40000,1.22000
 0.02110000000,19.40000,1.22000
 0.02111999844,19.40000,1.20000
 0.02114000000,19.60000,1.22000
 0.02115999844,19.40000,1.20000
 0.02118000000,19.60000,1.24000
 0.02120000000,19.60000,1.20000
 0.02121999844,19.60000,1.20000
 0.02124000000,19.40000,1.20000
 0.02125999844,19.40000,1.20000
 0.02128000000,19.40000,1.20000
 0.02129999844,19.60000,1.18000
 0.02132000000,19.60000,1.20000
 0.02134000000,19.40000,1.18000
 0.02135999844,19.40000,1.18000
 0.02138000000,19.40000,1.16000
 0.02139999844,19.60000,1.14000
 0.02142000000,19.40000,1.16000
 0.02144000000,19.60000,1.16000
 0.02145999844,19.60000,1.16000
 0.02148000000,19.60000,1.18000
 0.02149999844,19.60000,1.16000
 0.02152000000,19.60000,1.16000
 0.02153999844,19.60000,1.14000
 0.02156000000,19.60000,1.14000
 0.02158000000,19.60000,1.20000
 0.02159999844,19.40000,1.14000
 0.02162000000,19.60000,1.12000
 0.02163999844,19.60000,1.16000
 0.02166000000,19.60000,1.12000
 0.02168000000,19.60000,1.10000
 0.02169999844,19.60000,1.14000
 0.02172000000,19.60000,1.12000
 0.02173999844,19.60000,1.14000
 0.02176000000,19.60000,1.12000
 0.02177999844,19.60000,1.12000
 0.02180000000,19.60000,1.10000
 0.02182000000,19.60000,1.12000
 0.02183999844,19.60000,1.12000
 0.02186000000,19.60000,1.12000
 0.02187999844,19.80000,1.10000
 0.02190000000,19.60000,1.12000
 0.02192000000,19.40000,1.06000
 0.02194000000,19.80000,1.12000
 0.02196000000,19.60000,1.08000
 0.02197999844,19.60000,1.10000
 0.02200000000,19.80000,1.06000
 0.02201999844,19.60000,1.10000
 0.02204000000,19.60000,1.08000
 0.02206000000,19.60000,1.04000
 0.02207999844,19.60000,1.06000
 0.02210000000,19.60000,1.06000
 0.02211999844,19.80000,1.02000
 0.02214000000,19.80000,1.06000
 0.02216000000,19.80000,1.06000
 0.02218000000,19.60000,1.06000
 0.02220000000,19.60000,1.06000
 0.02221999844,19.60000,1.04000
 0.02224000000,19.60000,1.06000
 0.02225999844,19.60000,1.08000
 0.02228000000,19.60000,1.04000
 0.02230000000,19.80000,1.04000
 0.02231999844,19.60000,1.04000
 0.02234000000,19.60000,1.04000
 0.02235999844,19.80000,1.02000
 0.02238000000,19.80000,1.04000
 0.02239999844,20.00000,1.04000
 0.02242000000,19.80000,1.04000
 0.02244000000,19.80000,1.00000
 0.02245999844,19.60000,1.02000
 0.02248000000,20.00000,1.00000
 0.02249999844,19.80000,1.02000
 0.02252000000,19.80000,1.00000
 0.02254000000,20.00000,1.02000
 0.02255999844,19.60000,1.00000
 0.02258000000,19.60000,1.02000
 0.02259999844,19.60000,1.00000
 0.02262000000,19.60000,1.00000
 0.02263999844,20.00000,0.98000
 0.02266000000,19.80000,1.00000
 0.02268000000,19.80000,0.98000
 0.02269999844,19.60000,1.02000
 0.02272000000,19.80000,0.98000
 0.02273999844,19.60000,0.98000
 0.02276000000,19.80000,0.96000
 0.02278000000,20.00000,1.02000
 0.02279999844,20.00000,0.96000
 0.02282000000,19.80000,0.96000
 0.02283999844,20.00000,0.96000
 0.02286000000,19.80000,0.98000
 0.02287999844,19.80000,0.96000
 0.02290000000,20.00000,1.00000
 0.02292000000,20.00000,0.98000
 0.02293999844,19.80000,0.98000
 0.02296000000,20.00000,0.92000
 0.02297999844,19.80000,0.96000
 0.02300000000,20.00000,0.92000
 0.02302000000,19.80000,0.96000
 0.02304000000,20.00000,0.94000
 0.02306000000,19.60000,0.94000
 0.02307999844,20.00000,0.92000
 0.02310000000,20.20000,0.96000
 0.02311999844,20.00000,0.92000
 0.02314000000,20.20000,0.92000
 0.02316000000,20.00000,0.94000
 0.02317999844,20.00000,0.92000
 0.02320000000,20.00000,0.88000
 0.02321999844,19.80000,0.94000
 0.02324000000,20.00000,0.90000
 0.02326000000,20.00000,0.92000
 0.02328000000,20.00000,0.90000
 0.02330000000,20.20000,0.90000
 0.02331999844,20.00000,0.90000
 0.02334000000,19.80000,0.92000
 0.02335999844,20.00000,0.90000
 0.02338000000,20.20000,0.90000
 0.02340000000,20.20000,0.88000
 0.02341999844,19.80000,0.90000
 0.02344000000,20.00000,0.90000
 0.02345999844,19.80000,0.90000
 0.02348000000,20.00000,0.88000
 0.02349999844,20.00000,0.90000
 0.02352000000,20.00000,0.86000
 0.02354000000,20.20000,0.88000
 0.02355999844,20.20000,0.88000
 0.02358000000,20.00000,0.92000
 0.02359999844,20.00000,0.84000
 0.02362000000,20.20000,0.90000
 0.02364000000,20.00000,0.88000
 0.02365999844,20.00000,0.88000
 0.02368000000,20.20000,0.86000
 0.02369999844,20.20000,0.88000
 0.02372000000,20.00000,0.84000
 0.02373999844,20.20000,0.86000
 0.02376000000,20.00000,0.86000
 0.02378000000,20.20000,0.88000
 0.02379999844,20.00000,0.84000
 0.02382000000,20.20000,0.88000
 0.02383999844,20.20000,0.84000
 0.02386000000,20.20000,0.84000
 0.02388000000,20.20000,0.82000
 0.02389999844,20.00000,0.84000
 0.02392000000,20.20000,0.84000
 0.02393999844,20.40000,0.82000
 0.02396000000,20.00000,0.86000
 0.02397999844,20.20000,0.88000
 0.02400000000,20.20000,0.82000
 0.02402000000,20.20000,0.82000
 0.02403999844,20.20000,0.78000
 0.02406000000,20.40000,0.82000
 0.02407999844,20.20000,0.78000
 0.02410000000,20.20000,0.84000
 0.02412000000,20.20000,0.82000
 0.02413999844,20.20000,0.78000
 0.02416000000,20.20000,0.82000
 0.02417999844,20.40000,0.78000
 0.02420000000,20.20000,0.76000
 0.02421999844,20.20000,0.82000
 0.02424000000,20.20000,0.76000
 0.02426000000,20.20000,0.78000
 0.02427999844,20.00000,0.78000
 0.02430000000,20.40000,0.82000
 0.02431999844,20.20000,0.74000
 0.02434000000,20.20000,0.76000
 0.02436000000,20.20000,0.74000
 0.02438000000,20.20000,0.78000
 0.02440000000,20.20000,0.74000
 0.02441999844,20.40000,0.78000
 0.02444000000,20.20000,0.74000
 0.02445999844,20.20000,0.74000
 0.02448000000,20.20000,0.74000
 0.02450000000,20.40000,0.72000
 0.02451999844,20.40000,0.74000
 0.02454000000,20.20000,0.72000
 0.02455999844,20.20000,0.76000
 0.02458000000,20.20000,0.74000
 0.02459999844,20.40000,0.72000
 0.02462000000,20.40000,0.78000
 0.02464000000,20.20000,0.74000
 0.02465999844,20.20000,0.72000
 0.02468000000,20.40000,0.74000
 0.02469999844,20.20000,0.72000
 0.02472000000,20.20000,0.72000
 0.02474000000,20.40000,0.74000
 0.02475999844,20.40000,0.72000
 0.02478000000,20.40000,0.72000
 0.02479999844,20.20000,0.70000
 0.02482000000,20.40000,0.74000
 0.02483999844,20.40000,0.70000
 0.02486000000,20.40000,0.70000
 0.02488000000,20.20000,0.70000
 0.02489999844,20.40000,0.72000
 0.02492000000,20.40000,0.66000
 0.02493999844,20.40000,0.72000
 0.02496000000,20.20000,0.70000
 0.02498000000,20.20000,0.74000
 0.02499999844,20.60000,0.68000
 0.02502000000,20.60000,0.72000
 0.02503999844,20.40000,0.70000
 0.02506000000,20.40000,0.72000
 0.02507999844,20.20000,0.68000
 0.02510000000,20.40000,0.72000
 0.02512000000,20.40000,0.64000
 0.02513999844,20.40000,0.70000
 0.02516000000,20.20000,0.68000
 0.02517999844,20.40000,0.66000
 0.02520000000,20.20000,0.66000
 0.02522000000,20.40000,0.66000
 0.02523999844,20.40000,0.66000
 0.02526000000,20.40000,0.68000
 0.02527999844,20.40000,0.70000
 0.02530000000,20.40000,0.66000
 0.02531999844,20.40000,0.66000
 0.02534000000,20.40000,0.68000
 0.02536000000,20.40000,0.66000
 0.02537999844,20.40000,0.64000
 0.02540000000,20.40000,0.64000
 0.02541999844,20.40000,0.66000
 0.02544000000,20.40000,0.66000
 0.02545999844,20.40000,0.66000
 0.02547999844,20.20000,0.64000
 0.02550000000,20.40000,0.64000
 0.02551999844,20.40000,0.62000
 0.02554000000,20.40000,0.64000
 0.02555999844,20.60000,0.66000
 0.02558000000,20.40000,0.66000
 0.02560000000,20.40000,0.64000
 0.02561999844,20.40000,0.64000
 0.02564000000,20.80000,0.62000
 0.02565999844,20.60000,0.62000
 0.02568000000,20.40000,0.64000
 0.02569999844,20.60000,0.66000
 0.02572000000,20.60000,0.60000
 0.02574000000,20.40000,0.66000
 0.02575999844,20.40000,0.62000
 0.02578000000,20.60000,0.64000
 0.02579999844,20.40000,0.62000
 0.02582000000,20.60000,0.64000
 0.02584000000,20.40000,0.62000
 0.02585999844,20.40000,0.64000
 0.02588000000,20.40000,0.60000
 0.02589999844,20.40000,0.60000
 0.02592000000,20.20000,0.60000
 0.02593999844,20.40000,0.62000
 0.02596000000,20.60000,0.60000
 0.02598000000,20.40000,0.58000
 0.02599999844,20.40000,0.58000
 0.02602000000,20.40000,0.60000
 0.02603999844,20.60000,0.58000
 0.02606000000,20.40000,0.62000
 0.02608000000,20.80000,0.60000
 0.02609999844,20.40000,0.60000
 0.02612000000,20.60000,0.60000
 0.02613999844,20.40000,0.62000
 0.02616000000,20.40000,0.58000
 0.02617999844,20.80000,0.62000
 0.02620000000,20.60000,0.58000
 0.02622000000,20.40000,0.64000
 0.02624000000,20.40000,0.52000
 0.02626000000,20.40000,0.60000
 0.02628000000,20.80000,0.60000
 0.02630000000,20.40000,0.58000
 0.02632000000,20.60000,0.58000
 0.02634000000,20.40000,0.58000
 0.02636000000,20.80000,0.54000
 0.02638000000,20.40000,0.58000
 0.02640000000,20.60000,0.56000
 0.02642000000,20.60000,0.60000
 0.02644000000,20.80000,0.54000
 0.02646000000,20.60000,0.58000
 0.02648000000,20.60000,0.58000
 0.02650000000,20.60000,0.56000
 0.02652000000,20.40000,0.54000
 0.02654000000,20.40000,0.54000
 0.02656000000,20.80000,0.56000
 0.02657999688,20.40000,0.56000
 0.02660000000,20.60000,0.54000
 0.02662000000,20.60000,0.56000
 0.02664000000,20.60000,0.54000
 0.02666000000,20.60000,0.56000
 0.02668000000,20.80000,0.56000
 0.02670000000,20.80000,0.56000
 0.02672000000,20.40000,0.54000
 0.02674000000,20.40000,0.56000
 0.02676000000,20.60000,0.54000
 0.02678000000,20.60000,0.58000
 0.02680000000,20.80000,0.52000
 0.02681999688,20.60000,0.56000
 0.02684000000,20.40000,0.48000
 0.02686000000,20.60000,0.56000
 0.02688000000,20.40000,0.52000
 0.02690000000,20.80000,0.54000
 0.02692000000,20.60000,0.52000
 0.02694000000,20.80000,0.50000
 0.02696000000,20.80000,0.52000
 0.02698000000,20.60000,0.54000
 0.02700000000,20.60000,0.52000
 0.02702000000,20.60000,0.50000
 0.02704000000,20.80000,0.52000
 0.02706000000,20.60000,0.54000
 0.02708000000,20.60000,0.48000
 0.02710000000,20.80000,0.54000
 0.02712000000,20.60000,0.50000
 0.02714000000,20.60000,0.54000
 0.02716000000,20.60000,0.50000
 0.02718000000,20.80000,0.50000
 0.02720000000,20.60000,0.50000
 0.02722000000,20.60000,0.54000
 0.02724000000,20.60000,0.50000
 0.02726000000,20.40000,0.48000
 0.02728000000,20.80000,0.48000
 0.02730000000,20.60000,0.52000
 0.02732000000,20.80000,0.46000
 0.02734000000,20.80000,0.50000
 0.02736000000,20.40000,0.48000
 0.02738000000,20.80000,0.50000
 0.02740000000,20.80000,0.46000
 0.02742000000,20.60000,0.50000
 0.02744000000,20.40000,0.46000
 0.02746000000,20.60000,0.48000
 0.02748000000,20.80000,0.50000
 0.02750000000,20.80000,0.50000
 0.02752000000,20.80000,0.52000
 0.02754000000,20.60000,0.48000
 0.02756000000,20.80000,0.48000
 0.02758000000,20.80000,0.46000
 0.02760000000,20.80000,0.48000
 0.02762000000,20.40000,0.48000
 0.02764000000,20.80000,0.50000
 0.02766000000,20.80000,0.50000
 0.02767999688,20.80000,0.48000
 0.02770000000,20.60000,0.48000
 0.02772000000,20.80000,0.48000
 0.02774000000,20.60000,0.50000
 0.02776000000,20.80000,0.52000
 0.02778000000,20.60000,0.48000
 0.02780000000,20.80000,0.46000
 0.02782000000,20.80000,0.46000
 0.02784000000,20.60000,0.44000
 0.02786000000,20.80000,0.46000
 0.02788000000,20.80000,0.48000
 0.02790000000,21.00000,0.46000
 0.02791999688,20.80000,0.48000
 0.02794000000,20.80000,0.48000
 0.02796000000,20.80000,0.44000
 0.02798000000,20.60000,0.44000
 0.02800000000,20.60000,0.40000
 0.02802000000,21.00000,0.44000
 0.02804000000,20.80000,0.42000
 0.02806000000,20.60000,0.48000
 0.02808000000,20.80000,0.42000
 0.02810000000,20.60000,0.44000
 0.02812000000,20.80000,0.44000
 0.02814000000,20.60000,0.44000
 0.02816000000,20.60000,0.46000
 0.02818000000,21.00000,0.46000
 0.02820000000,20.80000,0.40000
 0.02822000000,20.60000,0.44000
 0.02824000000,20.80000,0.42000
 0.02826000000,20.60000,0.44000
 0.02828000000,20.80000,0.42000
 0.02830000000,20.80000,0.44000
 0.02832000000,20.80000,0.44000
 0.02834000000,20.60000,0.48000
 0.02836000000,20.60000,0.44000
 0.02838000000,20.80000,0.46000
 0.02840000000,20.80000,0.46000
 0.02842000000,20.60000,0.44000
 0.02844000000,20.80000,0.40000
 0.02846000000,21.00000,0.44000
 0.02848000000,20.80000,0.40000
 0.02850000000,20.60000,0.44000
 0.02852000000,20.80000,0.38000
 0.02854000000,21.00000,0.44000
 0.02856000000,20.60000,0.42000
 0.02858000000,20.80000,0.38000
 0.02860000000,20.80000,0.40000
 0.02862000000,21.00000,0.44000
 0.02864000000,20.80000,0.38000
 0.02866000000,20.80000,0.42000
 0.02868000000,20.80000,0.40000
 0.02870000000,20.60000,0.46000
 0.02872000000,20.80000,0.42000
 0.02874000000,21.00000,0.40000
 0.02876000000,20.80000,0.40000
 0.02877999688,20.80000,0.40000
 0.02880000000,20.80000,0.38000
 0.02882000000,20.80000,0.42000
 0.02884000000,20.80000,0.38000
 0.02886000000,20.80000,0.40000
 0.02888000000,20.80000,0.42000
 0.02890000000,21.00000,0.40000
 0.02892000000,20.80000,0.38000
 0.02894000000,21.00000,0.38000
 0.02896000000,20.80000,0.40000
 0.02898000000,21.00000,0.40000
 0.02900000000,20.80000,0.38000
 0.02901999688,20.80000,0.42000
 0.02904000000,20.80000,0.38000
 0.02906000000,20.40000,0.42000
 0.02908000000,20.80000,0.38000
 0.02910000000,21.00000,0.38000
 0.02912000000,20.80000,0.36000
 0.02914000000,20.80000,0.40000
 0.02916000000,21.00000,0.34000
 0.02918000000,21.00000,0.38000
 0.02920000000,20.80000,0.38000
 0.02922000000,21.00000,0.46000
 0.02924000000,20.80000,0.38000
 0.02925999688,21.00000,0.34000
 0.02928000000,20.80000,0.38000
 0.02930000000,20.80000,0.38000
 0.02932000000,20.80000,0.38000
 0.02934000000,20.80000,0.42000
 0.02936000000,20.80000,0.32000
 0.02938000000,21.00000,0.34000
 0.02940000000,20.80000,0.38000
 0.02942000000,20.60000,0.34000
 0.02944000000,20.80000,0.38000
 0.02946000000,21.00000,0.40000
 0.02948000000,20.80000,0.40000
 0.02950000000,21.00000,0.34000
 0.02952000000,20.80000,0.36000
 0.02954000000,20.80000,0.34000
 0.02956000000,20.80000,0.38000
 0.02958000000,21.00000,0.34000
 0.02960000000,20.80000,0.34000
 0.02962000000,20.80000,0.36000
 0.02964000000,20.80000,0.34000
 0.02966000000,20.80000,0.38000
 0.02968000000,20.80000,0.34000
 0.02970000000,20.80000,0.36000
 0.02972000000,20.80000,0.32000
 0.02974000000,21.00000,0.38000
 0.02976000000,20.80000,0.36000
 0.02978000000,21.00000,0.38000
 0.02980000000,21.00000,0.38000
 0.02982000000,21.00000,0.38000
 0.02984000000,20.80000,0.32000
 0.02986000000,21.00000,0.34000
 0.02987999688,21.00000,0.34000
 0.02990000000,21.00000,0.36000
 0.02992000000,20.80000,0.32000
 0.02994000000,20.80000,0.34000
 0.02996000000,21.00000,0.32000
 0.02998000000,21.00000,0.36000
 0.03000000000,20.80000,0.32000
 0.03002000000,21.00000,0.34000
 0.03004000000,20.80000,0.32000
 0.03006000000,21.00000,0.40000
 0.03008000000,20.80000,0.36000
 0.03010000000,21.00000,0.30000
 0.03011999688,21.00000,0.34000
 0.03014000000,20.80000,0.38000
 0.03016000000,20.80000,0.34000
 0.03018000000,21.00000,0.34000
 0.03020000000,21.00000,0.30000
 0.03022000000,21.00000,0.34000
 0.03024000000,20.80000,0.30000
 0.03026000000,21.00000,0.32000
 0.03028000000,21.00000,0.34000
 0.03030000000,20.80000,0.32000
 0.03032000000,20.80000,0.30000
 0.03034000000,21.20000,0.34000
 0.03035999688,21.00000,0.28000
 0.03038000000,20.80000,0.36000
 0.03040000000,20.80000,0.30000
 0.03042000000,20.80000,0.38000
 0.03044000000,20.80000,0.30000
 0.03046000000,21.00000,0.32000
 0.03048000000,20.80000,0.30000
 0.03050000000,21.00000,0.32000
 0.03052000000,20.80000,0.30000
 0.03054000000,20.80000,0.30000
 0.03056000000,20.80000,0.30000
 0.03058000000,21.00000,0.32000
 0.03059999688,20.80000,0.32000
 0.03062000000,21.00000,0.32000
 0.03064000000,20.80000,0.32000
 0.03066000000,21.20000,0.32000
 0.03068000000,20.80000,0.32000
 0.03070000000,21.20000,0.28000
 0.03072000000,20.80000,0.28000
 0.03074000000,21.00000,0.28000
 0.03076000000,21.00000,0.32000
 0.03078000000,21.20000,0.26000
 0.03080000000,20.80000,0.32000
 0.03082000000,20.80000,0.34000
 0.03084000000,20.80000,0.28000
 0.03086000000,21.00000,0.30000
 0.03088000000,20.80000,0.32000
 0.03090000000,21.00000,0.32000
 0.03092000000,20.80000,0.30000
 0.03094000000,21.00000,0.32000
 0.03096000000,21.00000,0.30000
 0.03097999688,20.80000,0.34000
 0.03100000000,20.80000,0.30000
 0.03102000000,21.00000,0.28000
 0.03104000000,20.80000,0.28000
 0.03106000000,21.00000,0.30000
 0.03108000000,21.00000,0.26000
 0.03110000000,21.00000,0.30000
 0.03112000000,21.00000,0.28000
 0.03114000000,21.20000,0.30000
 0.03116000000,21.00000,0.26000
 0.03118000000,21.20000,0.30000
 0.03120000000,20.80000,0.28000
 0.03121999688,21.00000,0.26000
 0.03124000000,20.80000,0.30000
 0.03126000000,21.00000,0.34000
 0.03128000000,20.80000,0.28000
 0.03130000000,21.20000,0.28000
 0.03131999688,21.00000,0.28000
 0.03134000000,21.00000,0.30000
 0.03136000000,21.00000,0.28000
 0.03137999688,21.00000,0.28000
 0.03140000000,20.80000,0.26000
 0.03142000000,21.00000,0.30000
 0.03144000000,20.80000,0.28000
 0.03145999688,21.20000,0.28000
 0.03148000000,20.80000,0.28000
 0.03150000000,21.20000,0.32000
 0.03151999688,20.80000,0.30000
 0.03154000000,21.00000,0.32000
 0.03156000000,21.00000,0.28000
 0.03157999688,21.20000,0.32000
 0.03160000000,20.80000,0.26000
 0.03162000000,21.20000,0.28000
 0.03164000000,20.80000,0.24000
 0.03165999688,21.20000,0.28000
 0.03168000000,21.00000,0.28000
 0.03170000000,21.00000,0.30000
 0.03171999688,20.80000,0.30000
 0.03174000000,21.00000,0.26000
 0.03176000000,20.80000,0.28000
 0.03178000000,21.20000,0.32000
 0.03179999688,21.20000,0.26000
 0.03182000000,21.00000,0.26000
 0.03184000000,20.80000,0.26000
 0.03185999688,21.20000,0.30000
 0.03188000000,20.80000,0.24000
 0.03190000000,21.00000,0.28000
 0.03192000000,21.20000,0.28000
 0.03193999688,21.20000,0.30000
 0.03196000000,21.20000,0.28000
 0.03198000000,21.00000,0.24000
 0.03199999688,21.00000,0.28000
 0.03202000000,21.00000,0.26000
 0.03204000000,21.00000,0.22000
 0.03206000000,21.20000,0.24000
 0.03207999688,21.00000,0.26000
 0.03210000000,21.00000,0.24000
 0.03212000000,21.20000,0.24000
 0.03213999688,21.00000,0.28000
 0.03216000000,20.80000,0.26000
 0.03218000000,21.00000,0.28000
 0.03219999688,20.80000,0.26000
 0.03222000000,21.20000,0.30000
 0.03224000000,21.00000,0.26000
 0.03226000000,21.00000,0.24000
 0.03227999688,21.00000,0.24000
 0.03230000000,21.00000,0.26000
 0.03232000000,21.00000,0.26000
 0.03233999688,21.00000,0.24000
 0.03236000000,21.20000,0.28000
 0.03238000000,21.00000,0.26000
 0.03240000000,21.00000,0.24000
 0.03241999688,21.20000,0.24000
 0.03244000000,20.80000,0.24000
 0.03246000000,21.00000,0.24000
 0.03247999688,20.80000,0.26000
 0.03250000000,21.20000,0.24000
 0.03252000000,21.00000,0.22000
 0.03254000000,21.00000,0.24000
 0.03255999688,21.20000,0.24000
 0.03258000000,21.20000,0.26000
 0.03260000000,21.00000,0.26000
 0.03261999688,21.00000,0.26000
 0.03264000000,21.20000,0.22000
 0.03266000000,21.00000,0.26000
 0.03267999688,21.00000,0.26000
 0.03270000000,21.20000,0.26000
 0.03272000000,21.20000,0.26000
 0.03274000000,21.20000,0.24000
 0.03275999688,21.00000,0.24000
 0.03278000000,21.20000,0.24000
 0.03280000000,21.20000,0.22000
 0.03281999688,21.20000,0.24000
 0.03284000000,21.00000,0.24000
 0.03286000000,21.20000,0.24000
 0.03288000000,20.80000,0.20000
 0.03289999688,21.00000,0.24000
 0.03292000000,21.20000,0.22000
 0.03294000000,21.00000,0.24000
 0.03295999688,21.20000,0.20000
 0.03298000000,21.00000,0.26000
 0.03300000000,21.00000,0.22000
 0.03302000000,21.00000,0.26000
 0.03303999688,21.20000,0.24000
 0.03306000000,21.00000,0.24000
 0.03308000000,21.00000,0.26000
 0.03309999688,21.20000,0.26000
 0.03312000000,20.80000,0.20000
 0.03314000000,21.00000,0.24000
 0.03315999688,21.00000,0.30000
 0.03317999688,21.20000,0.24000
 0.03320000000,21.00000,0.20000
 0.03322000000,21.20000,0.24000
 0.03323999688,21.00000,0.18000
 0.03326000000,21.20000,0.26000
 0.03328000000,20.80000,0.22000
 0.03329999688,21.20000,0.22000
 0.03332000000,21.00000,0.24000
 0.03334000000,21.20000,0.24000
 0.03336000000,21.20000,0.22000
 0.03337999688,21.20000,0.24000
 0.03340000000,21.00000,0.20000
 0.03342000000,21.20000,0.26000
 0.03343999688,21.20000,0.20000
 0.03346000000,21.20000,0.20000
 0.03348000000,21.00000,0.22000
 0.03350000000,21.20000,0.28000
 0.03351999688,21.00000,0.20000
 0.03354000000,21.20000,0.22000
 0.03356000000,21.00000,0.22000
 0.03357999688,21.20000,0.22000
 0.03360000000,20.80000,0.22000
 0.03362000000,21.20000,0.18000
 0.03364000000,21.20000,0.20000
 0.03365999688,21.20000,0.24000
 0.03368000000,21.00000,0.20000
 0.03370000000,21.20000,0.18000
 0.03371999688,20.80000,0.20000
 0.03374000000,21.20000,0.24000
 0.03376000000,21.00000,0.22000
 0.03377999688,21.20000,0.22000
 0.03380000000,21.00000,0.18000
 0.03382000000,21.20000,0.24000
 0.03384000000,21.20000,0.24000
 0.03385999688,21.20000,0.24000
 0.03388000000,21.20000,0.24000
 0.03390000000,21.00000,0.24000
 0.03391999688,21.00000,0.20000
 0.03394000000,21.20000,0.26000
 0.03396000000,21.00000,0.18000
 0.03398000000,21.20000,0.22000
 0.03399999688,21.00000,0.22000
 0.03402000000,21.00000,0.18000
 0.03404000000,21.00000,0.20000
 0.03405999688,21.20000,0.22000
 0.03408000000,21.20000,0.22000
 0.03410000000,21.20000,0.18000
 0.03412000000,21.00000,0.16000
 0.03413999688,21.00000,0.24000
 0.03416000000,21.00000,0.20000
 0.03418000000,21.00000,0.18000
 0.03419999688,21.00000,0.22000
 0.03422000000,21.20000,0.22000
 0.03424000000,21.00000,0.18000
 0.03425999688,21.20000,0.22000
 0.03427999688,21.20000,0.16000
 0.03430000000,21.00000,0.20000
 0.03432000000,21.20000,0.18000
 0.03433999688,21.00000,0.18000
 0.03436000000,21.00000,0.18000
 0.03438000000,21.20000,0.22000
 0.03439999688,21.00000,0.18000
 0.03442000000,21.20000,0.22000
 0.03444000000,21.00000,0.18000
 0.03446000000,21.20000,0.24000
 0.03447999688,20.80000,0.22000
 0.03450000000,21.20000,0.22000
 0.03452000000,21.00000,0.22000
 0.03453999688,21.00000,0.22000
 0.03456000000,21.20000,0.22000
 0.03458000000,21.20000,0.22000
 0.03460000000,21.20000,0.16000
 0.03461999688,21.20000,0.22000
 0.03464000000,21.00000,0.20000
 0.03466000000,21.00000,0.16000
 0.03467999688,21.00000,0.18000
 0.03470000000,21.20000,0.22000
 0.03472000000,21.00000,0.24000
 0.03474000000,21.20000,0.22000
 0.03475999688,21.00000,0.22000
 0.03478000000,21.20000,0.18000
 0.03480000000,21.00000,0.20000
 0.03481999688,21.20000,0.22000
 0.03484000000,21.00000,0.14000
 0.03486000000,21.20000,0.16000
 0.03487999688,21.00000,0.20000
 0.03490000000,21.20000,0.22000
 0.03492000000,21.20000,0.16000
 0.03494000000,21.20000,0.18000
 0.03495999688,21.20000,0.16000
 0.03498000000,21.20000,0.20000
 0.03500000000,21.20000,0.18000
 0.03501999688,21.20000,0.18000
 0.03504000000,21.00000,0.16000
 0.03506000000,21.20000,0.24000
 0.03508000000,21.00000,0.18000
 0.03509999688,21.20000,0.18000
 0.03512000000,21.20000,0.14000
 0.03514000000,21.20000,0.22000
 0.03515999688,21.20000,0.14000
 0.03518000000,21.20000,0.22000
 0.03520000000,21.20000,0.16000
 0.03522000000,21.20000,0.20000
 0.03523999688,21.00000,0.18000
 0.03526000000,21.20000,0.18000
 0.03528000000,21.20000,0.12000
 0.03529999688,21.20000,0.22000
 0.03532000000,21.20000,0.22000
 0.03534000000,21.00000,0.20000
 0.03535999688,21.20000,0.16000
 0.03537999688,21.20000,0.18000
 0.03540000000,21.20000,0.18000
 0.03542000000,21.20000,0.20000
 0.03543999688,21.20000,0.20000
 0.03546000000,21.20000,0.16000
 0.03548000000,21.00000,0.18000
 0.03549999688,21.20000,0.18000
 0.03552000000,21.00000,0.18000
 0.03554000000,21.20000,0.18000
 0.03556000000,21.00000,0.16000
 0.03557999688,21.20000,0.20000
 0.03560000000,20.80000,0.14000
 0.03562000000,21.20000,0.16000
 0.03563999688,21.20000,0.16000
 0.03566000000,21.00000,0.22000
 0.03568000000,21.20000,0.22000
 0.03570000000,21.20000,0.16000
 0.03571999688,21.00000,0.20000
 0.03574000000,21.20000,0.16000
 0.03576000000,21.00000,0.14000
 0.03577999688,21.20000,0.20000
 0.03580000000,21.40000,0.14000
 0.03582000000,21.20000,0.20000
 0.03584000000,21.00000,0.14000
 0.03585999688,21.00000,0.18000
 0.03588000000,21.20000,0.14000
 0.03590000000,21.00000,0.18000
 0.03591999688,21.00000,0.20000
 0.03594000000,21.20000,0.18000
 0.03596000000,21.00000,0.20000
 0.03597999688,21.20000,0.16000
 0.03600000000,21.20000,0.16000
 0.03602000000,21.20000,0.22000
 0.03604000000,21.20000,0.18000
 0.03605999688,21.20000,0.16000
 0.03608000000,21.20000,0.22000
 0.03610000000,21.20000,0.18000
 0.03611999688,21.20000,0.14000
 0.03614000000,21.20000,0.22000
 0.03616000000,21.00000,0.18000
 0.03618000000,21.20000,0.20000
 0.03619999688,21.20000,0.14000
 0.03622000000,21.20000,0.22000
 0.03624000000,21.20000,0.16000
 0.03625999688,21.20000,0.16000
 0.03628000000,21.00000,0.16000
 0.03630000000,21.00000,0.16000
 0.03632000000,21.00000,0.10000
 0.03633999688,21.20000,0.16000
 0.03636000000,21.20000,0.14000
 0.03638000000,21.20000,0.18000
 0.03639999688,21.20000,0.14000
 0.03642000000,21.20000,0.16000
 0.03644000000,21.20000,0.18000
 0.03645999688,21.20000,0.18000
 0.03647999688,21.20000,0.12000
 0.03650000000,21.20000,0.14000
 0.03652000000,21.00000,0.20000
 0.03653999688,21.20000,0.16000
 0.03656000000,21.00000,0.18000
 0.03658000000,21.20000,0.16000
 0.03659999688,21.20000,0.16000
 0.03662000000,21.20000,0.16000
 0.03664000000,21.00000,0.14000
 0.03666000000,21.20000,0.18000
 0.03667999688,21.20000,0.16000
 0.03670000000,21.20000,0.16000
 0.03672000000,21.20000,0.16000
 0.03673999688,21.20000,0.14000
 0.03676000000,21.00000,0.14000
 0.03678000000,21.20000,0.18000
 0.03680000000,20.80000,0.16000
 0.03681999688,21.20000,0.18000
 0.03684000000,21.20000,0.14000
 0.03686000000,21.20000,0.18000
 0.03687999688,21.20000,0.12000
 0.03690000000,21.20000,0.20000
 0.03692000000,21.20000,0.14000
 0.03693999688,21.20000,0.14000
 0.03695999688,21.20000,0.14000
 0.03698000000,21.20000,0.18000
 0.03700000000,21.20000,0.12000
 0.03701999688,21.20000,0.18000
 0.03704000000,21.00000,0.16000
 0.03706000000,21.40000,0.16000
 0.03707999688,21.20000,0.14000
 0.03710000000,21.20000,0.14000
 0.03712000000,21.20000,0.14000
 0.03714000000,21.20000,0.12000
 0.03715999688,21.00000,0.14000
 0.03718000000,21.20000,0.18000
 0.03720000000,21.00000,0.14000
 0.03721999688,21.20000,0.16000
 0.03724000000,21.00000,0.14000
 0.03726000000,21.20000,0.18000
 0.03728000000,21.00000,0.14000
 0.03729999688,21.20000,0.22000
 0.03732000000,21.00000,0.12000
 0.03734000000,21.20000,0.16000
 0.03735999688,21.20000,0.12000
 0.03738000000,21.20000,0.14000
 0.03740000000,21.00000,0.12000
 0.03742000000,21.20000,0.20000
 0.03743999688,21.00000,0.14000
 0.03746000000,21.20000,0.18000
 0.03748000000,21.20000,0.12000
 0.03749999688,21.00000,0.16000
 0.03752000000,21.20000,0.18000
 0.03754000000,21.20000,0.16000
 0.03755999688,21.20000,0.14000
 0.03757999688,21.40000,0.16000
 0.03760000000,21.00000,0.12000
 0.03762000000,21.20000,0.16000
 0.03763999688,21.20000,0.14000
 0.03766000000,21.20000,0.16000
 0.03768000000,21.00000,0.12000
 0.03769999688,21.20000,0.18000
 0.03772000000,21.20000,0.14000
 0.03774000000,21.20000,0.14000
 0.03776000000,21.20000,0.14000
 0.03777999688,21.00000,0.12000
 0.03780000000,21.20000,0.14000
 0.03782000000,21.20000,0.18000
 0.03783999688,21.20000,0.14000
 0.03786000000,21.20000,0.16000
 0.03788000000,21.20000,0.14000
 0.03790000000,21.20000,0.18000
 0.03791999688,21.00000,0.14000
 0.03794000000,21.20000,0.14000
 0.03796000000,21.40000,0.16000
 0.03797999688,21.20000,0.16000
 0.03800000000,21.20000,0.12000
 0.03802000000,21.20000,0.18000
 0.03803999688,21.20000,0.14000
 0.03805999688,21.20000,0.18000
 0.03808000000,21.20000,0.14000
 0.03810000000,21.20000,0.18000
 0.03811999688,21.20000,0.14000
 0.03814000000,21.20000,0.14000
 0.03816000000,21.00000,0.18000
 0.03817999688,21.20000,0.14000
 0.03820000000,21.20000,0.10000
 0.03822000000,21.20000,0.14000
 0.03824000000,21.20000,0.12000
 0.03825999688,21.20000,0.16000
 0.03828000000,21.00000,0.14000
 0.03830000000,21.20000,0.10000
 0.03831999688,21.00000,0.14000
 0.03834000000,21.20000,0.16000
 0.03836000000,21.00000,0.06000
 0.03838000000,21.20000,0.16000
 0.03839999688,21.00000,0.14000
 0.03842000000,21.20000,0.16000
 0.03844000000,21.20000,0.16000
 0.03845999688,21.20000,0.16000
 0.03848000000,21.20000,0.14000
 0.03850000000,21.20000,0.14000
 0.03852000000,21.00000,0.12000
 0.03853999688,21.20000,0.18000
 0.03856000000,21.00000,0.14000
 0.03858000000,21.20000,0.16000
 0.03859999688,21.20000,0.14000
 0.03862000000,21.20000,0.14000
 0.03864000000,21.20000,0.16000
 0.03865999688,21.20000,0.14000
 0.03867999688,21.20000,0.14000
 0.03870000000,21.20000,0.16000
 0.03872000000,21.20000,0.12000
 0.03873999688,21.20000,0.16000
 0.03876000000,21.00000,0.14000
 0.03878000000,21.20000,0.18000
 0.03879999688,21.20000,0.12000
 0.03882000000,21.00000,0.16000
 0.03884000000,21.20000,0.12000
 0.03886000000,21.20000,0.16000
 0.03887999688,21.20000,0.14000
 0.03890000000,21.20000,0.14000
 0.03892000000,21.00000,0.14000
 0.03893999688,21.20000,0.16000
 0.03896000000,21.20000,0.16000
 0.03898000000,21.20000,0.12000
 0.03900000000,20.80000,0.14000
 0.03901999688,21.20000,0.16000
 0.03904000000,20.80000,0.08000
 0.03906000000,21.20000,0.16000
 0.03907999688,21.20000,0.06000
 0.03910000000,21.20000,0.16000
 0.03912000000,21.20000,0.06000
 0.03913999688,21.20000,0.16000
 0.03915999688,21.60000,0.12000
 0.03918000000,21.20000,0.12000
 0.03920000000,21.40000,0.10000
 0.03921999688,21.20000,0.12000
 0.03924000000,21.20000,0.12000
 0.03926000000,21.20000,0.14000
 0.03927999688,21.20000,0.10000
 0.03929999688,21.20000,0.14000
 0.03932000000,21.20000,0.10000
 0.03934000000,21.20000,0.14000
 0.03935999688,21.20000,0.12000
 0.03938000000,21.20000,0.16000
 0.03940000000,21.20000,0.14000
 0.03941999688,21.20000,0.12000
 0.03944000000,21.20000,0.10000
 0.03946000000,21.20000,0.18000
 0.03948000000,21.20000,0.14000
 0.03949999688,21.20000,0.14000
 0.03952000000,21.20000,0.14000
 0.03954000000,21.20000,0.14000
 0.03955999688,21.20000,0.12000
 0.03958000000,21.20000,0.16000
 0.03960000000,21.20000,0.12000
 0.03961999688,21.20000,0.12000
 0.03963999688,21.20000,0.14000
 0.03966000000,21.20000,0.14000
 0.03968000000,21.20000,0.12000
 0.03969999688,21.20000,0.14000
 0.03972000000,21.20000,0.12000
 0.03974000000,21.20000,0.16000
 0.03975999688,21.20000,0.10000
 0.03977999688,21.20000,0.16000
 0.03980000000,21.40000,0.14000
 0.03982000000,21.20000,0.16000
 0.03983999688,21.00000,0.14000
 0.03986000000,21.20000,0.16000
 0.03988000000,21.20000,0.10000
 0.03989999688,21.20000,0.16000
 0.03992000000,21.20000,0.10000
 0.03994000000,21.20000,0.14000
 0.03996000000,21.20000,0.14000
 0.03997999688,21.20000,0.18000
 0.04000000000,21.20000,0.10000
 0.04002000000,21.20000,0.16000
 0.04003999688,21.20000,0.12000
 0.04006000000,21.20000,0.14000
 0.04008000000,21.20000,0.10000
 0.04010000000,21.20000,0.14000
 0.04011999688,21.20000,0.12000
 0.04014000000,21.40000,0.12000
 0.04016000000,21.00000,0.08000
 0.04017999688,21.20000,0.12000
 0.04020000000,21.20000,0.14000
 0.04022000000,21.20000,0.10000
 0.04023999688,21.40000,0.10000
 0.04025999688,21.20000,0.18000
 0.04028000000,21.20000,0.14000
 0.04030000000,21.40000,0.14000
 0.04031999688,21.40000,0.10000
 0.04034000000,21.20000,0.16000
 0.04036000000,21.00000,0.10000
 0.04037999688,21.20000,0.16000
 0.04039999688,21.20000,0.10000
 0.04042000000,21.20000,0.12000
 0.04044000000,21.60000,0.14000
 0.04045999688,21.20000,0.14000
 0.04048000000,21.20000,0.12000
 0.04050000000,21.20000,0.16000
 0.04051999688,21.20000,0.12000
 0.04054000000,21.00000,0.12000
 0.04056000000,21.20000,0.12000
 0.04058000000,21.20000,0.14000
 0.04059999688,21.20000,0.12000
 0.04062000000,21.20000,0.14000
 0.04064000000,21.40000,0.12000
 0.04065999688,21.20000,0.16000
 0.04068000000,21.20000,0.12000
 0.04070000000,21.20000,0.12000
 0.04071999688,21.60000,0.08000
 0.04073999688,21.20000,0.12000
 0.04076000000,21.00000,0.14000
 0.04078000000,21.20000,0.14000
 0.04079999688,21.00000,0.06000
 0.04082000000,21.20000,0.14000
 0.04084000000,21.20000,0.10000
 0.04085999688,21.20000,0.16000
 0.04087999688,21.40000,0.12000
 0.04090000000,21.20000,0.14000
 0.04092000000,21.20000,0.08000
 0.04093999688,21.40000,0.16000
 0.04096000000,21.20000,0.12000
 0.04098000000,21.20000,0.14000
 0.04099999688,21.20000,0.16000
 0.04102000000,21.20000,0.14000
 0.04104000000,21.20000,0.12000
 0.04106000000,21.40000,0.14000
 0.04107999688,21.20000,0.12000
 0.04110000000,21.20000,0.14000
 0.04112000000,21.20000,0.10000
 0.04113999688,21.20000,0.14000
 0.04116000000,21.20000,0.10000
 0.04118000000,21.20000,0.12000
 0.04120000000,21.20000,0.08000
 0.04121999688,21.40000,0.14000
 0.04124000000,21.20000,0.12000
 0.04126000000,21.20000,0.16000
 0.04127999688,21.20000,0.12000
 0.04130000000,21.20000,0.12000
 0.04132000000,21.20000,0.08000
 0.04133999688,21.20000,0.14000
 0.04135999688,21.20000,0.10000
 0.04138000000,21.20000,0.14000
 0.04140000000,21.00000,0.10000
 0.04141999688,21.20000,0.14000
 0.04144000000,21.20000,0.10000
 0.04146000000,21.20000,0.12000
 0.04147999688,21.20000,0.08000
 0.04149999688,21.20000,0.14000
 0.04152000000,21.20000,0.12000
 0.04154000000,21.20000,0.16000
 0.04155999688,21.20000,0.10000
 0.04158000000,21.20000,0.14000
 0.04160000000,21.00000,0.10000
 0.04161999688,21.40000,0.12000
 0.04164000000,21.20000,0.08000
 0.04166000000,21.20000,0.18000
 0.04168000000,21.20000,0.10000
 0.04169999688,21.20000,0.10000
 0.04172000000,21.20000,0.14000
 0.04174000000,21.40000,0.16000
 0.04175999688,21.40000,0.06000
 0.04178000000,21.20000,0.16000
 0.04180000000,21.20000,0.08000
 0.04181999688,21.20000,0.12000
 0.04183999688,21.20000,0.08000
 0.04186000000,21.20000,0.10000
 0.04188000000,21.00000,0.10000
 0.04189999688,21.20000,0.20000
 0.04192000000,21.40000,0.12000
 0.04194000000,21.40000,0.12000
 0.04195999688,21.40000,0.14000
 0.04197999688,21.20000,0.14000
 0.04200000000,21.40000,0.12000
 0.04202000000,21.20000,0.14000
 0.04203999688,21.40000,0.08000
 0.04206000000,21.40000,0.12000
 0.04208000000,21.20000,0.10000
 0.04209999688,21.20000,0.16000
 0.04212000000,21.20000,0.08000
 0.04214000000,21.20000,0.14000
 0.04216000000,21.40000,0.10000
 0.04217999688,21.20000,0.14000
 0.04220000000,21.20000,0.10000
 0.04222000000,21.20000,0.08000
 0.04223999688,21.20000,0.08000
 0.04226000000,21.20000,0.10000
 0.04228000000,21.20000,0.14000
 0.04230000000,21.20000,0.10000
 0.04231999688,21.20000,0.10000
 0.04234000000,21.20000,0.16000
 0.04236000000,21.20000,0.10000
 0.04237999688,21.20000,0.12000
 0.04240000000,21.00000,0.06000
 0.04242000000,21.20000,0.12000
 0.04243999688,21.40000,0.10000
 0.04245999688,21.20000,0.14000
 0.04248000000,21.20000,0.12000
 0.04250000000,21.20000,0.14000
 0.04251999688,21.20000,0.10000
 0.04254000000,21.20000,0.16000
 0.04256000000,21.00000,0.14000
 0.04257999688,21.40000,0.14000
 0.04259999688,21.20000,0.12000
 0.04262000000,21.20000,0.14000
 0.04264000000,21.60000,0.12000
 0.04265999688,21.20000,0.08000
 0.04268000000,21.20000,0.06000
 0.04270000000,21.20000,0.12000
 0.04271999688,21.40000,0.10000
 0.04274000000,21.00000,0.14000
 0.04276000000,21.40000,0.14000
 0.04278000000,21.20000,0.16000
 0.04279999688,21.40000,0.08000
 0.04282000000,21.20000,0.14000
 0.04284000000,21.20000,0.10000
 0.04285999688,21.20000,0.12000
 0.04288000000,21.20000,0.08000
 0.04290000000,21.20000,0.14000
 0.04291999688,21.40000,0.10000
 0.04293999688,21.20000,0.10000
 0.04296000000,21.40000,0.08000
 0.04298000000,21.20000,0.14000
 0.04299999688,21.20000,0.08000
 0.04302000000,21.20000,0.10000
 0.04304000000,21.20000,0.08000
 0.04305999688,21.20000,0.12000
 0.04307999688,21.20000,0.10000
 0.04310000000,21.20000,0.10000
 0.04312000000,21.40000,0.12000
 0.04313999688,21.20000,0.10000
 0.04316000000,21.20000,0.14000
 0.04318000000,21.20000,0.10000
 0.04319999688,21.20000,0.08000
 0.04322000000,21.20000,0.10000
 0.04324000000,21.20000,0.08000
 0.04326000000,21.20000,0.16000
 0.04327999688,21.60000,0.10000
 0.04330000000,21.20000,0.10000
 0.04332000000,21.00000,0.06000
 0.04333999688,21.20000,0.16000
 0.04336000000,21.20000,0.06000
 0.04338000000,21.00000,0.12000
 0.04339999688,21.40000,0.08000
 0.04341999688,21.40000,0.10000
 0.04344000000,21.20000,0.06000
 0.04346000000,21.20000,0.06000
 0.04347999688,21.40000,0.12000
 0.04350000000,21.20000,0.14000
 0.04352000000,21.40000,0.12000
 0.04353999688,21.20000,0.14000
 0.04355999688,21.20000,0.10000
 0.04358000000,21.20000,0.12000
 0.04360000000,21.40000,0.06000
 0.04361999688,21.20000,0.14000
 0.04364000000,21.20000,0.10000
 0.04366000000,21.40000,0.10000
 0.04367999688,21.20000,0.08000
 0.04369999688,21.20000,0.14000
 0.04372000000,21.20000,0.12000
 0.04374000000,21.20000,0.12000
 0.04375999688,21.20000,0.06000
 0.04378000000,21.20000,0.08000
 0.04380000000,21.40000,0.10000
 0.04381999688,21.60000,0.08000
 0.04384000000,21.20000,0.08000
 0.04386000000,21.20000,0.14000
 0.04388000000,21.40000,0.10000
 0.04389999688,21.20000,0.06000
 0.04392000000,21.20000,0.06000
 0.04394000000,21.20000,0.08000
 0.04395999688,21.20000,0.12000
 0.04398000000,21.20000,0.10000
 0.04400000000,21.40000,0.08000
 0.04401999688,21.20000,0.10000
 0.04403999688,21.20000,0.06000
 0.04406000000,21.20000,0.12000
 0.04408000000,21.60000,0.12000
 0.04409999688,21.20000,0.12000
 0.04412000000,21.20000,0.12000
 0.04414000000,21.20000,0.12000
 0.04415999688,21.40000,0.12000
 0.04417999688,21.20000,0.10000
 0.04420000000,21.20000,0.08000
 0.04422000000,21.20000,0.10000
 0.04423999688,21.20000,0.12000
 0.04426000000,21.20000,0.10000
 0.04428000000,21.20000,0.10000
 0.04429999688,21.20000,0.12000
 0.04432000000,21.60000,0.10000
 0.04434000000,21.20000,0.08000
 0.04436000000,21.00000,0.08000
 0.04437999688,21.20000,0.14000
 0.04440000000,21.40000,0.08000
 0.04442000000,21.20000,0.16000
 0.04443999688,21.40000,0.06000
 0.04446000000,21.20000,0.08000
 0.04448000000,21.40000,0.10000
 0.04449999688,21.40000,0.12000
 0.04451999688,21.40000,0.12000
 0.04454000000,21.20000,0.16000
 0.04456000000,21.20000,0.08000
 0.04457999688,21.20000,0.08000
 0.04460000000,21.20000,0.08000
 0.04462000000,21.20000,0.12000
 0.04463999688,21.20000,0.08000
 0.04465999688,21.40000,0.12000
 0.04468000000,21.00000,0.10000
 0.04470000000,21.40000,0.12000
 0.04471999688,21.20000,0.06000
 0.04474000000,21.40000,0.12000
 0.04476000000,21.40000,0.12000
 0.04477999688,21.20000,0.12000
 0.04479999688,21.20000,0.10000
 0.04482000000,21.20000,0.12000
 0.04484000000,21.20000,0.06000
 0.04485999688,21.20000,0.12000
 0.04488000000,21.20000,0.06000
 0.04490000000,21.20000,0.10000
 0.04491999688,21.40000,0.08000
 0.04494000000,21.20000,0.10000
 0.04496000000,21.20000,0.12000
 0.04498000000,21.40000,0.12000
 0.04499999688,21.20000,0.08000
 0.04502000000,21.40000,0.12000
 0.04504000000,21.40000,0.08000
 0.04505999688,21.20000,0.08000
 0.04508000000,21.20000,0.08000
 0.04510000000,21.20000,0.08000
 0.04511999688,21.20000,0.08000
 0.04513999688,21.20000,0.10000
 0.04516000000,21.20000,0.10000
 0.04518000000,21.20000,0.10000
 0.04519999688,21.20000,0.10000
 0.04522000000,21.20000,0.08000
 0.04524000000,21.20000,0.10000
 0.04525999688,21.20000,0.14000
 0.04527999688,21.20000,0.10000
 0.04530000000,21.20000,0.14000
 0.04532000000,21.20000,0.12000
 0.04533999688,21.20000,0.12000
 0.04536000000,21.40000,0.08000
 0.04538000000,21.20000,0.10000
 0.04539999688,21.40000,0.08000
 0.04542000000,21.20000,0.10000
 0.04544000000,21.20000,0.12000
 0.04546000000,21.20000,0.12000
 0.04547999688,21.20000,0.10000
 0.04550000000,21.40000,0.10000
 0.04552000000,21.20000,0.06000
 0.04553999688,21.20000,0.06000
 0.04556000000,21.60000,0.08000
 0.04558000000,21.20000,0.10000
 0.04559999688,21.20000,0.10000
 0.04561999688,21.20000,0.08000
 0.04564000000,21.20000,0.06000
 0.04566000000,21.20000,0.08000
 0.04567999688,21.60000,0.08000
 0.04570000000,21.20000,0.12000
 0.04572000000,21.00000,0.10000
 0.04573999688,21.40000,0.14000
 0.04575999688,21.20000,0.10000
 0.04578000000,21.20000,0.08000
 0.04580000000,21.20000,0.04000
 0.04581999688,21.60000,0.08000
 0.04584000000,21.20000,0.12000
 0.04586000000,21.40000,0.16000
 0.04587999688,21.60000,0.06000
 0.04589999688,21.20000,0.14000
 0.04592000000,21.20000,0.10000
 0.04594000000,21.20000,0.10000
 0.04595999688,21.20000,0.10000
 0.04598000000,21.20000,0.08000
 0.04600000000,21.20000,0.10000
 0.04601999688,21.40000,0.10000
 0.04604000000,21.40000,0.10000
 0.04606000000,21.20000,0.10000
 0.04608000000,21.20000,0.08000
 0.04609999688,21.40000,0.10000
 0.04612000000,21.20000,0.10000
 0.04614000000,21.20000,0.10000
 0.04615999688,21.20000,0.08000
 0.04618000000,21.40000,0.12000
 0.04620000000,21.20000,0.10000
 0.04621999688,21.20000,0.16000
 0.04623999688,21.00000,0.06000
 0.04626000000,21.20000,0.10000
 0.04628000000,21.40000,0.14000
 0.04629999688,21.20000,0.10000
 0.04632000000,21.20000,0.08000
 0.04634000000,21.60000,0.08000
 0.04635999688,21.20000,0.06000
 0.04637999688,21.20000,0.10000
 0.04640000000,21.40000,0.10000
 0.04642000000,21.20000,0.06000
 0.04643999688,21.20000,0.06000
 0.04646000000,21.20000,0.10000
 0.04648000000,21.60000,0.12000
 0.04649999688,21.20000,0.08000
 0.04652000000,21.20000,0.08000
 0.04654000000,21.20000,0.14000
 0.04656000000,21.20000,0.08000
 0.04657999688,21.20000,0.08000
 0.04660000000,21.20000,0.02000
 0.04662000000,21.20000,0.12000
 0.04663999688,21.20000,0.06000
 0.04666000000,21.20000,0.12000
 0.04668000000,21.20000,0.04000
 0.04669999688,21.20000,0.12000
 0.04671999688,21.20000,0.10000
 0.04674000000,21.20000,0.10000
 0.04676000000,21.20000,0.08000
 0.04677999688,21.40000,0.08000
 0.04680000000,21.20000,0.08000
 0.04682000000,21.20000,0.10000
 0.04683999688,21.40000,0.12000
 0.04685999688,21.20000,0.10000
 0.04688000000,21.20000,0.06000
 0.04690000000,21.40000,0.12000
 0.04691999688,21.20000,0.08000
 0.04694000000,21.60000,0.14000
 0.04696000000,21.40000,0.06000
 0.04697999688,21.20000,0.16000
 0.04699999688,21.00000,0.08000
 0.04702000000,21.20000,0.14000
 0.04704000000,21.40000,0.10000
 0.04705999688,21.20000,0.12000
 0.04708000000,21.40000,0.08000
 0.04710000000,21.20000,0.10000
 0.04711999688,21.20000,0.08000
 0.04714000000,21.20000,0.06000
 0.04716000000,21.20000,0.10000
 0.04717999688,21.40000,0.08000
 0.04719999688,21.20000,0.06000
 0.04722000000,21.40000,0.12000
 0.04724000000,21.40000,0.08000
 0.04725999688,21.40000,0.12000
 0.04728000000,21.20000,0.14000
 0.04730000000,21.60000,0.10000
 0.04731999688,21.00000,0.08000
 0.04733999688,21.40000,0.12000
 0.04736000000,21.20000,0.06000
 0.04738000000,21.20000,0.08000
 0.04739999688,21.40000,0.06000
 0.04742000000,21.20000,0.08000
 0.04744000000,21.20000,0.08000
 0.04745999688,21.40000,0.10000
 0.04747999688,21.20000,0.08000
 0.04750000000,21.20000,0.14000
 0.04752000000,21.20000,0.10000
 0.04753999688,21.40000,0.10000
 0.04756000000,21.40000,0.10000
 0.04758000000,21.20000,0.08000
 0.04759999688,21.20000,0.08000
 0.04762000000,21.20000,0.10000
 0.04764000000,21.20000,0.08000
 0.04766000000,21.20000,0.10000
 0.04767999688,21.20000,0.06000
 0.04770000000,21.20000,0.10000
 0.04772000000,21.20000,0.08000
 0.04773999688,21.40000,0.14000
 0.04776000000,21.20000,0.08000
 0.04778000000,21.40000,0.08000
 0.04779999688,21.20000,0.08000
 0.04781999688,21.40000,0.10000
 0.04784000000,21.40000,0.06000
 0.04786000000,21.20000,0.12000
 0.04787999688,21.20000,0.10000
 0.04790000000,21.20000,0.08000
 0.04792000000,21.20000,0.06000
 0.04793999688,21.20000,0.08000
 0.04795999688,21.20000,0.08000
 0.04798000000,21.20000,0.08000
 0.04800000000,21.20000,0.10000
 0.04801999688,21.20000,0.08000
 0.04804000000,21.40000,0.06000
 0.04806000000,21.40000,0.10000
 0.04807999688,21.40000,0.06000
 0.04809999688,21.20000,0.06000
 0.04812000000,21.40000,0.06000
 0.04814000000,21.20000,0.10000
 0.04815999688,21.20000,0.10000
 0.04818000000,21.40000,0.08000
 0.04820000000,21.40000,0.06000
 0.04821999688,21.20000,0.12000
 0.04824000000,21.20000,0.06000
 0.04826000000,21.20000,0.10000
 0.04827999688,21.20000,0.06000
 0.04829999688,21.20000,0.12000
 0.04832000000,21.20000,0.08000
 0.04834000000,21.20000,0.10000
 0.04835999688,21.40000,0.08000
 0.04838000000,21.20000,0.10000
 0.04840000000,21.20000,0.10000
 0.04841999688,21.20000,0.06000
 0.04843999688,21.40000,0.04000
 0.04846000000,21.40000,0.06000
 0.04848000000,21.40000,0.06000
 0.04849999688,21.20000,0.08000
 0.04852000000,21.20000,0.04000
 0.04854000000,21.20000,0.12000
 0.04855999688,21.40000,0.10000
 0.04857999688,21.20000,0.10000
 0.04860000000,21.20000,0.06000
 0.04862000000,21.20000,0.12000
 0.04863999688,21.40000,0.08000
 0.04866000000,21.20000,0.12000
 0.04868000000,21.60000,0.08000
 0.04869999688,21.20000,0.08000
 0.04872000000,21.20000,0.08000
 0.04874000000,21.40000,0.12000
 0.04876000000,21.40000,0.08000
 0.04877999688,21.20000,0.14000
 0.04880000000,21.20000,0.06000
 0.04882000000,21.20000,0.14000
 0.04883999688,21.40000,0.10000
 0.04886000000,21.20000,0.08000
 0.04888000000,21.60000,0.08000
 0.04889999688,21.20000,0.12000
 0.04891999688,21.40000,0.12000
 0.04894000000,21.20000,0.10000
 0.04896000000,21.40000,0.08000
 0.04897999688,21.20000,0.12000
 0.04900000000,21.00000,0.08000
 0.04902000000,21.20000,0.10000
 0.04903999688,21.60000,0.06000
 0.04905999688,21.20000,0.08000
 0.04908000000,21.20000,0.06000
 0.04910000000,21.20000,0.10000
 0.04911999688,21.20000,0.10000
 0.04914000000,21.40000,0.10000
 0.04916000000,21.40000,0.08000
 0.04917999688,21.20000,0.12000
 0.04919999688,21.20000,0.06000
 0.04922000000,21.20000,0.14000
 0.04924000000,21.20000,0.10000
 0.04925999688,21.40000,0.10000
 0.04928000000,21.20000,0.06000
 0.04930000000,21.20000,0.08000
 0.04931999688,21.20000,0.10000
 0.04934000000,21.20000,0.10000
 0.04936000000,21.20000,0.08000
 0.04937999688,21.40000,0.12000
 0.04939999688,21.20000,0.08000
 0.04942000000,21.20000,0.02000
 0.04944000000,21.40000,0.08000
 0.04945999688,21.40000,0.06000
 0.04948000000,21.40000,0.08000
 0.04950000000,21.60000,0.12000
 0.04951999688,21.20000,0.06000
 0.04953999688,21.60000,0.10000
 0.04956000000,21.20000,0.08000
 0.04958000000,21.20000,0.10000
 0.04959999688,21.20000,0.06000
 0.04962000000,21.20000,0.10000
 0.04964000000,21.20000,0.06000
 0.04965999688,21.60000,0.12000
 0.04967999688,21.40000,0.08000
 0.04970000000,21.20000,0.10000
 0.04972000000,21.20000,0.06000
 0.04973999688,21.20000,0.08000
 0.04976000000,21.20000,0.06000
 0.04978000000,21.40000,0.10000
 0.04979999688,21.20000,0.06000
 0.04982000000,21.20000,0.10000
 0.04984000000,21.20000,0.06000
 0.04985999688,21.20000,0.10000
 0.04987999688,21.40000,0.12000
 0.04990000000,21.20000,0.10000
 0.04992000000,21.20000,0.08000
 0.04993999688,21.40000,0.12000
 0.04996000000,21.40000,0.10000
 0.04998000000,21.20000,0.08000
 0.04999999688,21.20000,0.12000
 0.05001999688,21.40000,0.08000
 0.05004000000,21.20000,0.06000
 0.05006000000,21.20000,0.08000
 0.05007999688,21.20000,0.06000
 0.05010000000,21.40000,0.08000
 0.05012000000,21.40000,0.10000
 0.05013999688,21.20000,0.12000
 0.05015999688,21.60000,0.06000
 0.05018000000,21.40000,0.10000
 0.05020000000,21.20000,0.06000
 0.05021999688,21.20000,0.06000
 0.05024000000,21.40000,0.06000
 0.05026000000,21.60000,0.10000
 0.05027999688,21.20000,0.04000
 0.05029999688,21.40000,0.08000
 0.05032000000,21.60000,0.08000
 0.05034000000,21.40000,0.08000
 0.05035999688,21.20000,0.06000
 0.05038000000,21.20000,0.08000
 0.05040000000,21.40000,0.12000
 0.05041999688,21.20000,0.14000
 0.05044000000,21.20000,0.08000
 0.05046000000,21.60000,0.08000
 0.05047999688,21.40000,0.08000
 0.05049999688,21.20000,0.12000
 0.05052000000,21.40000,0.08000
 0.05054000000,21.20000,0.10000
 0.05055999688,21.00000,0.08000
 0.05058000000,21.40000,0.04000
 0.05060000000,21.40000,0.04000
 0.05061999688,21.40000,0.10000
 0.05063999688,21.20000,0.06000
 0.05066000000,21.20000,0.10000
 0.05068000000,21.60000,0.06000
 0.05069999688,21.20000,0.08000
 0.05072000000,21.20000,0.10000
 0.05074000000,21.20000,0.14000
 0.05075999688,21.20000,0.06000
 0.05077999688,21.20000,0.08000
 0.05080000000,21.40000,0.08000
 0.05082000000,21.20000,0.10000
 0.05083999688,21.40000,0.08000
 0.05086000000,21.40000,0.06000
 0.05088000000,21.20000,0.08000
 0.05089999688,21.20000,0.10000
 0.05091999688,21.20000,0.06000
 0.05094000000,21.20000,0.08000
 0.05095999688,21.20000,0.08000
 0.05097999688,21.20000,0.02000
 0.05100000000,21.40000,0.06000
 0.05102000000,21.40000,0.08000
 0.05103999688,21.40000,0.12000
 0.05106000000,21.40000,0.06000
 0.05108000000,21.20000,0.10000
 0.05109999688,21.20000,0.08000
 0.05111999688,21.40000,0.12000
 0.05114000000,21.20000,0.12000
 0.05116000000,21.20000,0.06000
 0.05117999688,21.40000,0.10000
 0.05120000000,21.40000,0.06000
 0.05122000000,21.40000,0.08000
 0.05123999688,21.40000,0.06000
 0.05125999688,21.20000,0.06000
 0.05128000000,21.20000,0.06000
 0.05130000000,21.20000,0.10000
 0.05131999688,21.20000,0.08000
 0.05134000000,21.20000,0.06000
 0.05136000000,21.40000,0.04000
 0.05137999688,21.20000,0.12000
 0.05139999688,21.20000,0.06000
 0.05142000000,21.20000,0.08000
 0.05144000000,21.40000,0.08000
 0.05145999688,21.40000,0.10000
 0.05148000000,21.20000,0.06000
 0.05150000000,21.20000,0.08000
 0.05151999688,21.20000,0.06000
 0.05154000000,21.20000,0.10000
 0.05156000000,21.20000,0.04000
 0.05157999688,21.20000,0.12000
 0.05159999688,21.20000,0.08000
 0.05162000000,21.60000,0.08000
 0.05164000000,21.20000,0.06000
 0.05165999688,21.20000,0.10000
 0.05168000000,21.40000,0.08000
 0.05170000000,21.40000,0.08000
 0.05171999688,21.20000,0.06000
 0.05173999688,21.40000,0.06000
 0.05176000000,21.20000,0.08000
 0.05178000000,21.20000,0.06000
 0.05179999688,21.20000,0.08000
 0.05182000000,21.20000,0.12000
 0.05184000000,21.20000,0.06000
 0.05185999688,21.20000,0.08000
 0.05187999688,21.20000,0.04000
 0.05190000000,21.40000,0.06000
 0.05192000000,21.20000,0.04000
 0.05193999688,21.20000,0.10000
 0.05196000000,21.20000,0.06000
 0.05198000000,21.40000,0.10000
 0.05199999688,21.20000,0.02000
 0.05201999688,21.20000,0.08000
 0.05204000000,21.20000,0.08000
 0.05205999688,21.20000,0.06000
 0.05207999688,21.20000,0.06000
 0.05210000000,21.40000,0.08000
 0.05212000000,21.60000,0.08000
 0.05213999688,21.40000,0.10000
 0.05216000000,21.20000,0.06000
 0.05218000000,21.60000,0.12000
 0.05219999688,21.20000,0.08000
 0.05221999688,21.20000,0.12000
 0.05224000000,21.60000,0.06000
 0.05226000000,21.40000,0.08000
 0.05227999688,21.20000,0.08000
 0.05230000000,21.20000,0.08000
 0.05232000000,21.20000,0.06000
 0.05233999688,21.20000,0.10000
 0.05235999688,21.40000,0.06000
 0.05238000000,21.20000,0.10000
 0.05240000000,21.20000,0.06000
 0.05241999688,21.20000,0.10000
 0.05244000000,21.60000,0.08000
 0.05246000000,21.20000,0.08000
 0.05248000000,21.20000,0.06000
 0.05250000000,21.40000,0.10000
 0.05252000000,21.40000,0.04000
 0.05254000000,21.40000,0.10000
 0.05256000000,21.40000,0.08000
 0.05258000000,21.40000,0.12000
 0.05260000000,21.40000,0.04000
 0.05262000000,21.20000,0.06000
 0.05264000000,21.20000,0.06000
 0.05266000000,21.20000,0.08000
 0.05268000000,21.60000,0.10000
 0.05270000000,21.20000,0.12000
 0.05272000000,21.60000,0.06000
 0.05274000000,21.40000,0.10000
 0.05276000000,21.40000,0.06000
 0.05278000000,21.20000,0.06000
 0.05280000000,21.20000,0.08000
 0.05282000000,21.40000,0.08000
 0.05284000000,21.20000,0.10000
 0.05286000000,21.20000,0.14000
 0.05288000000,21.20000,0.08000
 0.05290000000,21.20000,0.08000
 0.05292000000,21.20000,0.02000
 0.05294000000,21.60000,0.10000
 0.05296000000,21.40000,0.08000
 0.05298000000,21.40000,0.08000
 0.05300000000,21.00000,0.08000
 0.05302000000,21.20000,0.02000
 0.05304000000,21.20000,0.06000
 0.05306000000,21.20000,0.10000
 0.05308000000,21.60000,0.06000
 0.05310000000,21.40000,0.06000
 0.05312000000,21.20000,0.12000
 0.05314000000,21.40000,0.10000
 0.05315999375,21.60000,0.06000
 0.05318000000,21.20000,0.14000
 0.05320000000,21.20000,0.04000
 0.05322000000,21.20000,0.08000
 0.05324000000,21.40000,0.08000
 0.05326000000,21.60000,0.10000
 0.05328000000,21.20000,0.06000
 0.05330000000,21.20000,0.10000
 0.05332000000,21.20000,0.10000
 0.05334000000,21.20000,0.06000
 0.05336000000,21.20000,0.04000
 0.05338000000,21.20000,0.14000
 0.05340000000,21.20000,0.08000
 0.05342000000,21.60000,0.14000
 0.05344000000,21.20000,0.10000
 0.05346000000,21.20000,0.08000
 0.05348000000,21.60000,0.08000
 0.05350000000,21.40000,0.08000
 0.05352000000,21.40000,0.10000
 0.05354000000,21.40000,0.08000
 0.05356000000,21.20000,0.04000
 0.05358000000,21.20000,0.02000
 0.05360000000,21.20000,0.06000
 0.05362000000,21.20000,0.08000
 0.05363999375,21.20000,0.10000
 0.05366000000,21.40000,0.08000
 0.05368000000,21.40000,0.06000
 0.05370000000,21.20000,0.10000
 0.05372000000,21.60000,0.06000
 0.05374000000,21.20000,0.06000
 0.05376000000,21.20000,0.06000
 0.05378000000,21.40000,0.08000
 0.05380000000,21.20000,0.04000
 0.05382000000,21.20000,0.10000
 0.05384000000,21.20000,0.10000
 0.05386000000,21.20000,0.08000
 0.05388000000,21.20000,0.08000
 0.05390000000,21.20000,0.10000
 0.05392000000,21.20000,0.06000
 0.05394000000,21.40000,0.08000
 0.05396000000,21.20000,0.06000
 0.05398000000,21.20000,0.08000
 0.05400000000,21.40000,0.06000
 0.05402000000,21.40000,0.12000
 0.05404000000,21.20000,0.02000
 0.05406000000,21.20000,0.08000
 0.05408000000,21.20000,0.12000
 0.05410000000,21.20000,0.08000
 0.05412000000,21.60000,0.06000
 0.05414000000,21.40000,0.10000
 0.05416000000,21.20000,0.06000
 0.05418000000,21.40000,0.02000
 0.05420000000,21.40000,0.06000
 0.05422000000,21.60000,0.14000
 0.05424000000,21.20000,0.06000
 0.05425999375,21.20000,0.08000
 0.05428000000,21.20000,0.04000
 0.05430000000,21.40000,0.08000
 0.05432000000,21.40000,0.10000
 0.05434000000,21.40000,0.10000
 0.05436000000,21.60000,0.08000
 0.05438000000,21.40000,0.06000
 0.05440000000,21.60000,0.06000
 0.05442000000,21.40000,0.08000
 0.05444000000,21.20000,0.08000
 0.05446000000,21.20000,0.08000
 0.05448000000,21.40000,0.08000
 0.05450000000,21.60000,0.04000
 0.05452000000,21.60000,0.06000
 0.05454000000,21.20000,0.06000
 0.05456000000,21.40000,0.00
 0.05458000000,21.40000,0.08000
 0.05460000000,21.20000,0.08000
 0.05462000000,21.20000,0.08000
 0.05464000000,21.40000,0.06000
 0.05466000000,21.40000,0.08000
 0.05468000000,21.40000,0.04000
 0.05470000000,21.20000,0.12000
 0.05472000000,21.20000,0.08000
 0.05473999375,21.20000,0.02000
 0.05476000000,21.40000,0.08000
 0.05478000000,21.40000,0.08000
 0.05480000000,21.40000,0.02000
 0.05482000000,21.20000,0.12000
 0.05484000000,21.20000,0.06000
 0.05486000000,21.60000,0.10000
 0.05488000000,21.40000,0.06000
 0.05490000000,21.20000,0.08000
 0.05492000000,21.20000,0.06000
 0.05494000000,21.40000,0.06000
 0.05496000000,21.20000,0.08000
 0.05498000000,21.20000,0.08000
 0.05500000000,21.20000,0.06000
 0.05502000000,21.20000,0.08000
 0.05504000000,21.20000,0.06000
 0.05506000000,21.20000,0.08000
 0.05508000000,21.20000,0.06000
 0.05510000000,21.20000,0.06000
 0.05512000000,21.20000,0.08000
 0.05514000000,21.40000,0.08000
 0.05516000000,21.40000,0.06000
 0.05518000000,21.40000,0.08000
 0.05520000000,21.40000,0.06000
 0.05522000000,21.20000,0.08000
 0.05524000000,21.20000,0.08000
 0.05526000000,21.20000,0.10000
 0.05528000000,21.20000,0.08000
 0.05530000000,21.60000,0.08000
 0.05532000000,21.20000,0.10000
 0.05534000000,21.20000,0.10000
 0.05535999375,21.20000,0.06000
 0.05538000000,21.20000,0.08000
 0.05540000000,21.60000,0.06000
 0.05542000000,21.40000,0.10000
 0.05544000000,21.20000,0.06000
 0.05546000000,21.40000,0.06000
 0.05548000000,21.20000,0.06000
 0.05550000000,21.40000,0.08000
 0.05552000000,21.20000,0.10000
 0.05554000000,21.20000,0.10000
 0.05556000000,21.20000,0.06000
 0.05558000000,21.40000,0.08000
